price,area,bedrooms,bathrooms,stories,mainroad,guestroom,basement,hotwaterheating,airconditioning,parking,prefarea,furnishingstatus,,year_built,year_renovated,city,country
13300000,7420,4,2,3,yes,no,no,no,yes,2,yes,furnished,,2014,0,Seattle,USA
12250000,8960,4,4,4,yes,no,no,no,yes,3,no,furnished,,2009,0,Issaquah,USA
12250000,9960,3,2,2,yes,no,yes,no,no,2,yes,semi-furnished,,2001,0,Seattle,USA
12215000,7500,4,2,2,yes,no,yes,no,yes,3,yes,furnished,,2007,0,Redmond,USA
11410000,7420,4,1,2,yes,yes,yes,no,yes,2,no,furnished,,2006,0,Issaquah,USA
10850000,7500,3,3,1,yes,no,yes,no,yes,2,yes,semi-furnished,,2008,0,Seattle,USA
10150000,8580,4,3,4,yes,no,no,no,yes,2,yes,semi-furnished,,2010,0,Issaquah,USA
10150000,16200,5,3,2,yes,no,no,no,no,0,no,unfurnished,,2005,0,Seattle,USA
9870000,8100,4,1,2,yes,yes,yes,no,yes,2,yes,furnished,,2007,0,Renton,USA
9800000,5750,3,2,4,yes,yes,no,no,yes,1,yes,unfurnished,,2006,0,Issaquah,USA
9800000,13200,3,1,2,yes,no,yes,no,yes,2,yes,furnished,,2014,0,Issaquah,USA
9681000,6000,4,3,2,yes,yes,yes,yes,no,2,no,semi-furnished,,2013,1923,Redmond,USA
9310000,6550,4,2,2,yes,no,no,no,yes,1,yes,semi-furnished,,1971,0,Kirkland,USA
9240000,3500,4,2,2,yes,no,no,yes,no,2,no,furnished,,1912,2005,Seattle,USA
9240000,7800,3,2,2,yes,no,no,no,no,0,yes,semi-furnished,,1947,1988,Seattle,USA
9100000,6000,4,1,2,yes,no,yes,no,no,2,no,semi-furnished,,1985,0,Redmond,USA
9100000,6600,4,2,2,yes,yes,yes,no,yes,1,yes,unfurnished,,1975,0,Covington,USA
8960000,8500,3,2,4,yes,no,no,no,yes,2,no,furnished,,1916,1986,Seattle,USA
8890000,4600,3,2,2,yes,yes,no,no,yes,2,no,furnished,,1924,2011,Seattle,USA
8855000,6420,3,2,2,yes,no,no,no,yes,1,yes,semi-furnished,,1942,1999,Seattle,USA
8750000,4320,3,1,2,yes,no,yes,yes,no,2,no,semi-furnished,,1938,0,Seattle,USA
8680000,7155,3,2,1,yes,yes,yes,no,yes,2,no,unfurnished,,1962,0,Des Moines,USA
8645000,8050,3,1,1,yes,yes,yes,no,yes,1,no,furnished,,1987,2000,Issaquah,USA
8645000,4560,3,2,2,yes,yes,yes,no,yes,1,no,furnished,,1950,2013,Seattle,USA
8575000,8800,3,2,2,yes,no,no,no,yes,2,no,furnished,,1940,1996,Seattle,USA
8540000,6540,4,2,2,yes,yes,yes,no,yes,2,yes,furnished,,1970,2014,Seattle,USA
8463000,6000,3,2,4,yes,yes,yes,no,yes,0,yes,semi-furnished,,1980,0,Seattle,USA
8400000,8875,3,1,1,yes,no,no,no,no,1,no,semi-furnished,,1967,0,Inglewood-Finn Hill,USA
8400000,7950,5,2,2,yes,no,yes,yes,no,2,no,unfurnished,,1952,2008,Seattle,USA
8400000,5500,4,2,2,yes,no,yes,no,yes,1,yes,semi-furnished,,1954,2005,Shoreline,USA
8400000,7475,3,2,4,yes,no,no,no,yes,2,no,unfurnished,,1966,0,Bellevue,USA
8400000,7000,3,1,4,yes,no,no,no,yes,2,no,semi-furnished,,1924,2011,Kenmore,USA
8295000,4880,4,2,2,yes,no,no,no,yes,1,yes,furnished,,1988,0,Bellevue,USA
8190000,5960,3,3,2,yes,yes,yes,no,no,1,no,unfurnished,,1958,2004,Des Moines,USA
8120000,6840,5,1,2,yes,yes,yes,no,yes,1,no,furnished,,1998,2006,Carnation,USA
8080940,7000,3,2,4,yes,no,no,no,yes,2,no,furnished,,1963,0,Burien,USA
8043000,7482,3,2,3,yes,no,no,yes,no,1,yes,furnished,,1991,0,Kirkland,USA
7980000,9000,4,2,4,yes,no,no,no,yes,2,no,furnished,,2003,0,Kent,USA
7962500,6000,3,1,4,yes,yes,no,no,yes,2,no,unfurnished,,1961,2004,Shoreline,USA
7910000,6000,4,2,4,yes,no,no,no,yes,1,no,semi-furnished,,1955,2009,Kenmore,USA
7875000,6550,3,1,2,yes,no,yes,no,yes,0,yes,furnished,,1980,0,Renton,USA
7840000,6360,3,2,4,yes,no,no,no,yes,0,yes,furnished,,1954,2005,Renton,USA
7700000,6480,3,2,4,yes,no,no,no,yes,2,no,unfurnished,,2004,2003,Seattle,USA
7700000,6000,4,2,4,yes,no,no,no,no,2,no,semi-furnished,,2007,0,Renton,USA
7560000,6000,4,2,4,yes,no,no,no,yes,1,no,furnished,,1978,0,Kirkland,USA
7560000,6000,3,2,3,yes,no,no,no,yes,0,no,semi-furnished,,1967,0,Bellevue,USA
7525000,6000,3,2,4,yes,no,no,no,yes,1,no,furnished,,1996,0,Kenmore,USA
7490000,6600,3,1,4,yes,no,no,no,yes,3,yes,furnished,,1949,2013,Seattle,USA
7455000,4300,3,2,2,yes,no,yes,no,no,1,no,unfurnished,,1979,2014,Federal Way,USA
7420000,7440,3,2,1,yes,yes,yes,no,yes,0,yes,semi-furnished,,1958,2004,Bellevue,USA
7420000,7440,3,2,4,yes,no,no,no,no,1,yes,unfurnished,,2000,0,Redmond,USA
7420000,6325,3,1,4,yes,no,no,no,yes,1,no,unfurnished,,1962,2003,Federal Way,USA
7350000,6000,4,2,4,yes,yes,no,no,yes,1,no,furnished,,1940,2001,Seattle,USA
7350000,5150,3,2,4,yes,no,no,no,yes,2,no,semi-furnished,,1954,2005,Seattle,USA
7350000,6000,3,2,2,yes,yes,no,no,yes,1,no,semi-furnished,,1928,0,Seattle,USA
7350000,6000,3,1,2,yes,no,no,no,yes,1,no,unfurnished,,1971,0,North Bend,USA
7343000,11440,4,1,2,yes,no,yes,no,no,1,yes,semi-furnished,,1989,0,Sammamish,USA
7245000,9000,4,2,4,yes,yes,no,no,yes,1,yes,furnished,,1996,0,Kenmore,USA
7210000,7680,4,2,4,yes,yes,no,no,yes,1,no,semi-furnished,,1977,0,Bellevue,USA
7210000,6000,3,2,4,yes,yes,no,no,yes,1,no,furnished,,1999,0,Sammamish,USA
7140000,6000,3,2,2,yes,yes,no,no,no,1,no,semi-furnished,,1950,2005,Seattle,USA
7070000,8880,2,1,1,yes,no,no,no,yes,1,no,semi-furnished,,1987,2000,Sammamish,USA
7070000,6240,4,2,2,yes,no,no,no,yes,1,no,furnished,,1950,0,Seattle,USA
7035000,6360,4,2,3,yes,no,no,no,yes,2,yes,furnished,,1984,0,Redmond,USA
7000000,11175,3,1,1,yes,no,yes,no,yes,1,yes,furnished,,1964,0,Bellevue,USA
6930000,8880,3,2,2,yes,no,yes,no,yes,1,no,furnished,,1995,0,Sammamish,USA
6930000,13200,2,1,1,yes,no,yes,yes,no,1,no,furnished,,1942,1999,Seattle,USA
6895000,7700,3,2,1,yes,no,no,no,no,2,no,unfurnished,,1998,2006,Newcastle,USA
6860000,6000,3,1,1,yes,no,no,no,yes,1,no,furnished,,1965,0,Auburn,USA
6790000,12090,4,2,2,yes,no,no,no,no,2,yes,furnished,,1962,0,Newcastle,USA
6790000,4000,3,2,2,yes,no,yes,no,yes,0,yes,semi-furnished,,1995,0,Woodinville,USA
6755000,6000,4,2,4,yes,no,no,no,yes,0,no,unfurnished,,2000,0,Shoreline,USA
6720000,5020,3,1,4,yes,no,no,no,yes,0,yes,unfurnished,,1956,2001,Seattle,USA
6685000,6600,2,2,4,yes,no,yes,no,no,0,yes,furnished,,1926,2003,Seattle,USA
6650000,4040,3,1,2,yes,no,yes,yes,no,1,no,furnished,,1982,0,Seattle,USA
6650000,4260,4,2,2,yes,no,no,yes,no,0,no,semi-furnished,,1951,1994,Bellevue,USA
6650000,6420,3,2,3,yes,no,no,no,yes,0,yes,furnished,,1976,1992,Auburn,USA
6650000,6500,3,2,3,yes,no,no,no,yes,0,yes,furnished,,1905,2013,Seattle,USA
6650000,5700,3,1,1,yes,yes,yes,no,yes,2,yes,furnished,,1969,2002,Mercer Island,USA
6650000,6000,3,2,3,yes,yes,no,no,yes,0,no,furnished,,1974,0,Federal Way,USA
6629000,6000,3,1,2,yes,no,no,yes,no,1,yes,semi-furnished,,1903,0,Seattle,USA
6615000,4000,3,2,2,yes,no,yes,no,yes,1,no,semi-furnished,,2008,0,Seattle,USA
6615000,10500,3,2,1,yes,no,yes,no,yes,1,yes,furnished,,1959,0,Federal Way,USA
6580000,6000,3,2,4,yes,no,no,no,yes,0,no,semi-furnished,,2006,0,Seattle,USA
6510000,3760,3,1,2,yes,no,no,yes,no,2,no,semi-furnished,,2006,0,Seattle,USA
6510000,8250,3,2,3,yes,no,no,no,yes,0,no,furnished,,2014,0,Seattle,USA
6510000,6670,3,1,3,yes,no,yes,no,no,0,yes,unfurnished,,2013,1923,Renton,USA
6475000,3960,3,1,1,yes,no,yes,no,no,2,no,semi-furnished,,2006,0,Seattle,USA
6475000,7410,3,1,1,yes,yes,yes,no,yes,2,yes,unfurnished,,2013,1923,Bellevue,USA
6440000,8580,5,3,2,yes,no,no,no,no,2,no,furnished,,2008,0,Redmond,USA
6440000,5000,3,1,2,yes,no,no,no,yes,0,no,semi-furnished,,2014,0,Seattle,USA
6419000,6750,2,1,1,yes,yes,yes,no,no,2,yes,furnished,,1962,2003,Burien,USA
6405000,4800,3,2,4,yes,yes,no,no,yes,0,no,furnished,,1943,2002,Seattle,USA
6300000,7200,3,2,1,yes,no,yes,no,yes,3,no,semi-furnished,,2003,0,Shoreline,USA
6300000,6000,4,2,4,yes,no,no,no,no,1,no,semi-furnished,,2001,0,Redmond,USA
6300000,4100,3,2,3,yes,no,no,no,yes,2,no,semi-furnished,,1994,0,Black Diamond,USA
6300000,9000,3,1,1,yes,no,yes,no,no,1,yes,furnished,,1980,0,Kirkland,USA
6300000,6400,3,1,1,yes,yes,yes,no,yes,1,yes,semi-furnished,,1993,0,Maple Valley,USA
6293000,6600,3,2,3,yes,no,no,no,yes,0,yes,unfurnished,,1952,2008,Burien,USA
6265000,6000,4,1,3,yes,yes,yes,no,no,0,yes,unfurnished,,1974,0,Renton,USA
6230000,6600,3,2,1,yes,no,yes,no,yes,0,yes,unfurnished,,1946,1989,Seattle,USA
6230000,5500,3,1,3,yes,no,no,no,no,1,yes,unfurnished,,1995,0,Ravensdale,USA
6195000,5500,3,2,4,yes,yes,no,no,yes,1,no,semi-furnished,,1938,2003,Seattle,USA
6195000,6350,3,2,3,yes,yes,no,no,yes,0,no,furnished,,1956,0,Kirkland,USA
6195000,5500,3,2,1,yes,yes,yes,no,no,2,yes,furnished,,1960,0,Covington,USA
6160000,4500,3,1,4,yes,no,no,no,yes,0,no,unfurnished,,1973,0,Kent,USA
6160000,5450,4,2,1,yes,no,yes,no,yes,0,yes,semi-furnished,,1985,0,Redmond,USA
6125000,6420,3,1,3,yes,no,yes,no,no,0,yes,unfurnished,,1959,0,Bellevue,USA
6107500,3240,4,1,3,yes,no,no,no,no,1,no,semi-furnished,,1900,1971,Seattle,USA
6090000,6615,4,2,2,yes,yes,no,yes,no,1,no,semi-furnished,,1994,0,Carnation,USA
6090000,6600,3,1,1,yes,yes,yes,no,no,2,yes,semi-furnished,,1991,0,Bothell,USA
6090000,8372,3,1,3,yes,no,no,no,yes,2,no,unfurnished,,1944,0,Burien,USA
6083000,4300,6,2,2,yes,no,no,no,no,0,no,furnished,,1957,2001,Federal Way,USA
6083000,9620,3,1,1,yes,no,yes,no,no,2,yes,furnished,,1910,0,Seattle,USA
6020000,6800,2,1,1,yes,yes,yes,no,no,2,no,furnished,,1904,0,Seattle,USA
6020000,8000,3,1,1,yes,yes,yes,no,yes,2,yes,semi-furnished,,1988,2000,Carnation,USA
6020000,6900,3,2,1,yes,yes,yes,no,no,0,yes,unfurnished,,1981,2013,Kirkland,USA
5950000,3700,4,1,2,yes,yes,no,no,yes,0,no,furnished,,1967,0,Bellevue,USA
5950000,6420,3,1,1,yes,no,yes,no,yes,0,yes,furnished,,1949,0,Seattle,USA
5950000,7020,3,1,1,yes,no,yes,no,yes,2,yes,semi-furnished,,1988,2000,Renton,USA
5950000,6540,3,1,1,yes,yes,yes,no,no,2,yes,furnished,,1929,0,Seattle,USA
5950000,7231,3,1,2,yes,yes,yes,no,yes,0,yes,semi-furnished,,1947,0,Burien,USA
5950000,6254,4,2,1,yes,no,yes,no,no,1,yes,semi-furnished,,1961,2001,Kirkland,USA
5950000,7320,4,2,2,yes,no,no,no,no,0,no,furnished,,1991,0,Kent,USA
5950000,6525,3,2,4,yes,no,no,no,no,1,no,furnished,,1977,0,Issaquah,USA
5943000,15600,3,1,1,yes,no,no,no,yes,2,no,semi-furnished,,1906,1990,Seattle,USA
5880000,7160,3,1,1,yes,no,yes,no,no,2,yes,unfurnished,,1921,2000,Seattle,USA
5880000,6500,3,2,3,yes,no,no,no,yes,0,no,unfurnished,,1978,0,Seattle,USA
5873000,5500,3,1,3,yes,yes,no,no,yes,1,no,furnished,,1977,2004,Kirkland,USA
5873000,11460,3,1,3,yes,no,no,no,no,2,yes,semi-furnished,,2003,0,Redmond,USA
5866000,4800,3,1,1,yes,yes,yes,no,no,0,no,unfurnished,,1920,0,Seattle,USA
5810000,5828,4,1,4,yes,yes,no,no,no,0,no,semi-furnished,,1922,1956,Shoreline,USA
5810000,5200,3,1,3,yes,no,no,no,yes,0,no,semi-furnished,,2011,0,Renton,USA
5810000,4800,3,1,3,yes,no,no,no,yes,0,no,unfurnished,,1985,0,Woodinville,USA
5803000,7000,3,1,1,yes,no,yes,no,no,2,yes,semi-furnished,,1950,2005,Clyde Hill,USA
5775000,6000,3,2,4,yes,no,no,no,yes,0,no,unfurnished,,1955,2005,Seattle,USA
5740000,5400,4,2,2,yes,no,no,no,yes,2,no,unfurnished,,1905,2013,Seattle,USA
5740000,4640,4,1,2,yes,no,no,no,no,1,no,semi-furnished,,1963,2008,Seattle,USA
5740000,5000,3,1,3,yes,no,no,no,yes,0,no,semi-furnished,,1967,0,Federal Way,USA
5740000,6360,3,1,1,yes,yes,yes,no,yes,2,yes,furnished,,1988,2000,Issaquah,USA
5740000,5800,3,2,4,yes,no,no,no,yes,0,no,unfurnished,,2002,0,Renton,USA
5652500,6660,4,2,2,yes,yes,yes,no,no,1,yes,semi-furnished,,1917,0,Seattle,USA
5600000,10500,4,2,2,yes,no,no,no,no,1,no,semi-furnished,,1913,1983,Seattle,USA
5600000,4800,5,2,3,no,no,yes,yes,no,0,no,unfurnished,,1978,0,Redmond,USA
5600000,4700,4,1,2,yes,yes,yes,no,yes,1,no,furnished,,1985,0,Renton,USA
5600000,5000,3,1,4,yes,no,no,no,no,0,no,furnished,,1914,1945,Seattle,USA
5600000,10500,2,1,1,yes,no,no,no,no,1,no,semi-furnished,,1937,1990,Seattle,USA
5600000,5500,3,2,2,yes,no,no,no,no,1,no,semi-furnished,,1987,0,Issaquah,USA
5600000,6360,3,1,3,yes,no,no,no,no,0,yes,semi-furnished,,1985,0,Kent,USA
5600000,6600,4,2,1,yes,no,yes,no,no,0,yes,semi-furnished,,1968,0,Renton,USA
5600000,5136,3,1,2,yes,yes,yes,no,yes,0,yes,unfurnished,,1944,0,Seattle,USA
5565000,4400,4,1,2,yes,no,no,no,yes,2,yes,semi-furnished,,1956,2001,Algona,USA
5565000,5400,5,1,2,yes,yes,yes,no,yes,0,yes,furnished,,1948,1984,Lake Forest Park,USA
5530000,3300,3,3,2,yes,no,yes,no,no,0,no,semi-furnished,,1968,0,Woodinville,USA
5530000,3650,3,2,2,yes,no,no,no,no,2,no,semi-furnished,,2000,0,Auburn,USA
5530000,6100,3,2,1,yes,no,yes,no,no,2,yes,furnished,,1947,1988,Seattle,USA
5523000,6900,3,1,1,yes,yes,yes,no,no,0,yes,semi-furnished,,1910,2006,Seattle,USA
5495000,2817,4,2,2,no,yes,yes,no,no,1,no,furnished,,1985,0,Issaquah,USA
5495000,7980,3,1,1,yes,no,no,no,no,2,no,semi-furnished,,1905,0,Seattle,USA
5460000,3150,3,2,1,yes,yes,yes,no,yes,0,no,furnished,,1912,0,Kent,USA
5460000,6210,4,1,4,yes,yes,no,no,yes,0,no,furnished,,1960,2012,Federal Way,USA
5460000,6100,3,1,3,yes,yes,no,no,yes,0,yes,semi-furnished,,1988,2000,Covington,USA
5460000,6600,4,2,2,yes,yes,yes,no,no,0,yes,semi-furnished,,1958,0,Seattle,USA
5425000,6825,3,1,1,yes,yes,yes,no,yes,0,yes,semi-furnished,,1968,1997,Kenmore,USA
5390000,6710,3,2,2,yes,yes,yes,no,no,1,yes,furnished,,1942,1982,Seattle,USA
5383000,6450,3,2,1,yes,yes,yes,yes,no,0,no,unfurnished,,1961,2001,Shoreline,USA
5320000,7800,3,1,1,yes,no,yes,no,yes,2,yes,unfurnished,,1990,2009,Maple Valley,USA
5285000,4600,2,2,1,yes,no,no,no,yes,2,no,semi-furnished,,1954,1979,Seattle,USA
5250000,4260,4,1,2,yes,no,yes,no,yes,0,no,furnished,,1969,2010,Burien,USA
5250000,6540,4,2,2,no,no,no,no,yes,0,no,semi-furnished,,2005,0,Seattle,USA
5250000,5500,3,2,1,yes,no,yes,no,no,0,no,semi-furnished,,2007,0,Kirkland,USA
5250000,10269,3,1,1,yes,no,no,no,no,1,yes,semi-furnished,,2006,0,Kirkland,USA
5250000,8400,3,1,2,yes,yes,yes,no,yes,2,yes,unfurnished,,2008,0,Seattle,USA
5250000,5300,4,2,1,yes,no,no,no,yes,0,yes,unfurnished,,2014,0,Auburn,USA
5250000,3800,3,1,2,yes,yes,yes,no,no,1,yes,unfurnished,,2008,0,Seattle,USA
5250000,9800,4,2,2,yes,yes,no,no,no,2,no,semi-furnished,,2009,0,Seattle,USA
5250000,8520,3,1,1,yes,no,no,no,yes,2,no,furnished,,2006,0,Seattle,USA
5243000,6050,3,1,1,yes,no,yes,no,no,0,yes,semi-furnished,,1946,1989,Seattle,USA
5229000,7085,3,1,1,yes,yes,yes,no,no,2,yes,semi-furnished,,2012,1912,Duvall,USA
5215000,3180,3,2,2,yes,no,no,no,no,2,no,semi-furnished,,1971,0,Mercer Island,USA
5215000,4500,4,2,1,no,no,yes,no,yes,2,no,semi-furnished,,1977,2004,Federal Way,USA
5215000,7200,3,1,2,yes,yes,yes,no,no,1,yes,furnished,,1967,2011,Seattle,USA
5145000,3410,3,1,2,no,no,no,no,yes,0,no,semi-furnished,,2005,0,Sammamish,USA
5145000,7980,3,1,1,yes,no,no,no,no,1,yes,semi-furnished,,1968,0,Mercer Island,USA
5110000,3000,3,2,2,yes,yes,yes,no,no,0,no,furnished,,1900,1971,Seattle,USA
5110000,3000,3,1,2,yes,no,yes,no,no,0,no,unfurnished,,2002,0,Algona,USA
5110000,11410,2,1,2,yes,no,no,no,no,0,yes,furnished,,2003,0,Issaquah,USA
5110000,6100,3,1,1,yes,no,yes,no,yes,0,yes,semi-furnished,,1922,2003,Skykomish,USA
5075000,5720,2,1,2,yes,no,no,no,yes,0,yes,unfurnished,,1977,0,Kirkland,USA
5040000,3540,2,1,1,no,yes,yes,no,no,0,no,semi-furnished,,1955,2005,Seattle,USA
5040000,7600,4,1,2,yes,no,no,no,yes,2,no,furnished,,1997,0,Seattle,USA
5040000,10700,3,1,2,yes,yes,yes,no,no,0,no,semi-furnished,,2006,0,Redmond,USA
5040000,6600,3,1,1,yes,yes,yes,no,no,0,yes,furnished,,1962,2003,Kent,USA
5033000,4800,2,1,1,yes,yes,yes,no,no,0,no,semi-furnished,,1994,0,Kent,USA
5005000,8150,3,2,1,yes,yes,yes,no,no,0,no,semi-furnished,,1973,2013,Issaquah,USA
4970000,4410,4,3,2,yes,no,yes,no,no,2,no,semi-furnished,,1928,0,Seattle,USA
4970000,7686,3,1,1,yes,yes,yes,yes,no,0,no,semi-furnished,,1989,0,Kent,USA
4956000,2800,3,2,2,no,no,yes,no,yes,1,no,semi-furnished,,2004,2003,Kent,USA
4935000,5948,3,1,2,yes,no,no,no,yes,0,no,semi-furnished,,1947,1988,Normandy Park,USA
4907000,4200,3,1,2,yes,no,no,no,no,1,no,furnished,,1910,0,Seattle,USA
4900000,4520,3,1,2,yes,no,yes,no,yes,0,no,semi-furnished,,1980,0,Redmond,USA
4900000,4095,3,1,2,no,yes,yes,no,yes,0,no,semi-furnished,,1975,0,Kent,USA
4900000,4120,2,1,1,yes,no,yes,no,no,1,no,semi-furnished,,1926,2003,Seattle,USA
4900000,5400,4,1,2,yes,no,no,no,no,0,no,semi-furnished,,1954,1979,Seattle,USA
4900000,4770,3,1,1,yes,yes,yes,no,no,0,no,semi-furnished,,1950,2005,Bellevue,USA
4900000,6300,3,1,1,yes,no,no,no,yes,2,no,semi-furnished,,1975,0,Kent,USA
4900000,5800,2,1,1,yes,yes,yes,no,yes,0,no,semi-furnished,,1980,0,Auburn,USA
4900000,3000,3,1,2,yes,no,yes,no,yes,0,no,semi-furnished,,1993,0,Federal Way,USA
4900000,2970,3,1,3,yes,no,no,no,no,0,no,semi-furnished,,1944,0,Seattle,USA
4900000,6720,3,1,1,yes,no,no,no,no,0,no,unfurnished,,1940,2001,Kent,USA
4900000,4646,3,1,2,yes,yes,yes,no,no,2,no,semi-furnished,,1923,0,Seattle,USA
4900000,12900,3,1,1,yes,no,no,no,no,2,no,furnished,,1993,0,Seattle,USA
4893000,3420,4,2,2,yes,no,yes,no,yes,2,no,semi-furnished,,2002,0,Sammamish,USA
4893000,4995,4,2,1,yes,no,yes,no,no,0,no,semi-furnished,,1965,1993,Seattle,USA
4865000,4350,2,1,1,yes,no,yes,no,no,0,no,unfurnished,,1948,0,Seattle,USA
4830000,4160,3,1,3,yes,no,no,no,no,0,no,unfurnished,,1967,2011,Redmond,USA
4830000,6040,3,1,1,yes,no,no,no,no,2,yes,semi-furnished,,1973,0,Bellevue,USA
4830000,6862,3,1,2,yes,no,no,no,yes,2,yes,furnished,,1906,1990,Seattle,USA
4830000,4815,2,1,1,yes,no,no,no,yes,0,yes,semi-furnished,,1925,0,Seattle,USA
4795000,7000,3,1,2,yes,no,yes,no,no,0,no,unfurnished,,2004,2003,Woodinville,USA
4795000,8100,4,1,4,yes,no,yes,no,yes,2,no,semi-furnished,,1952,0,Bellevue,USA
4767000,3420,4,2,2,yes,no,no,no,no,0,no,semi-furnished,,2008,0,Renton,USA
4760000,9166,2,1,1,yes,no,yes,no,yes,2,no,semi-furnished,,1930,0,Seattle,USA
4760000,6321,3,1,2,yes,no,yes,no,yes,1,no,furnished,,1954,2005,Woodinville,USA
4760000,10240,2,1,1,yes,no,no,no,yes,2,yes,unfurnished,,1939,1969,Seattle,USA
4753000,6440,2,1,1,yes,no,no,no,yes,3,no,semi-furnished,,2002,0,Tukwila,USA
4690000,5170,3,1,4,yes,no,no,no,yes,0,no,semi-furnished,,1976,1992,Redmond,USA
4690000,6000,2,1,1,yes,no,yes,no,yes,1,no,furnished,,1932,2002,Seattle,USA
4690000,3630,3,1,2,yes,no,no,no,no,2,no,semi-furnished,,1991,0,Kirkland,USA
4690000,9667,4,2,2,yes,yes,yes,no,no,1,no,semi-furnished,,1918,0,Seattle,USA
4690000,5400,2,1,2,yes,no,no,no,no,0,yes,semi-furnished,,1989,0,Federal Way,USA
4690000,4320,3,1,1,yes,no,no,no,no,0,yes,semi-furnished,,1967,2010,Renton,USA
4655000,3745,3,1,2,yes,no,yes,no,no,0,no,furnished,,1955,2009,Des Moines,USA
4620000,4160,3,1,1,yes,yes,yes,no,yes,0,no,unfurnished,,1940,0,Burien,USA
4620000,3880,3,2,2,yes,no,yes,no,no,2,no,semi-furnished,,1990,0,Mercer Island,USA
4620000,5680,3,1,2,yes,yes,no,no,yes,1,no,semi-furnished,,2008,0,Seattle,USA
4620000,2870,2,1,2,yes,yes,yes,no,no,0,yes,semi-furnished,,1972,0,Snoqualmie,USA
4620000,5010,3,1,2,yes,no,yes,no,no,0,no,semi-furnished,,1979,2014,Redmond,USA
4613000,4510,4,2,2,yes,no,yes,no,no,0,no,semi-furnished,,1960,2001,Algona,USA
4585000,4000,3,1,2,yes,no,no,no,no,1,no,furnished,,1912,2000,Seattle,USA
4585000,3840,3,1,2,yes,no,no,no,no,1,yes,semi-furnished,,1988,2000,Renton,USA
4550000,3760,3,1,1,yes,no,no,no,no,2,no,semi-furnished,,1941,0,Seattle,USA
4550000,3640,3,1,2,yes,no,no,no,yes,0,no,furnished,,2007,0,Burien,USA
4550000,2550,3,1,2,yes,no,yes,no,no,0,no,furnished,,2012,1912,Seattle,USA
4550000,5320,3,1,2,yes,yes,yes,no,no,0,yes,semi-furnished,,2005,0,Seattle,USA
4550000,5360,3,1,2,yes,no,no,no,no,2,yes,unfurnished,,2007,0,Seattle,USA
4550000,3520,3,1,1,yes,no,no,no,no,0,yes,semi-furnished,,2011,0,Kenmore,USA
4550000,8400,4,1,4,yes,no,no,no,no,3,no,unfurnished,,2008,0,Seattle,USA
4543000,4100,2,2,1,yes,yes,yes,no,no,0,no,semi-furnished,,2010,0,Seattle,USA
4543000,4990,4,2,2,yes,yes,yes,no,no,0,yes,furnished,,1989,0,Woodinville,USA
4515000,3510,3,1,3,yes,no,no,no,no,0,no,semi-furnished,,1972,0,Renton,USA
4515000,3450,3,1,2,yes,no,yes,no,no,1,no,semi-furnished,,2013,1923,Renton,USA
4515000,9860,3,1,1,yes,no,no,no,no,0,no,semi-furnished,,1996,0,Issaquah,USA
4515000,3520,2,1,2,yes,no,no,no,no,0,yes,furnished,,1926,0,Seattle,USA
4480000,4510,4,1,2,yes,no,no,no,yes,2,no,semi-furnished,,1983,0,Auburn,USA
4480000,5885,2,1,1,yes,no,no,no,yes,1,no,unfurnished,,2003,0,Covington,USA
4480000,4000,3,1,2,yes,no,no,no,no,2,no,furnished,,1984,0,Vashon,USA
4480000,8250,3,1,1,yes,no,no,no,no,0,no,furnished,,1976,1992,Woodinville,USA
4480000,4040,3,1,2,yes,no,no,no,no,1,no,semi-furnished,,1976,0,Sammamish,USA
4473000,6360,2,1,1,yes,no,yes,no,yes,1,no,furnished,,1988,2000,Federal Way,USA
4473000,3162,3,1,2,yes,no,no,no,yes,1,no,furnished,,1912,1989,Renton,USA
4473000,3510,3,1,2,yes,no,no,no,no,0,no,semi-furnished,,1989,0,Issaquah,USA
4445000,3750,2,1,1,yes,yes,yes,no,no,0,no,semi-furnished,,1984,0,Lake Forest Park,USA
4410000,3968,3,1,2,no,no,no,no,no,0,no,semi-furnished,,1928,0,Seattle,USA
4410000,4900,2,1,2,yes,no,yes,no,no,0,no,semi-furnished,,1959,0,Seattle,USA
4403000,2880,3,1,2,yes,no,no,no,no,0,yes,semi-furnished,,2001,0,Sammamish,USA
4403000,4880,3,1,1,yes,no,no,no,no,2,yes,unfurnished,,1950,2005,Seattle,USA
4403000,4920,3,1,2,yes,no,no,no,no,1,no,semi-furnished,,1922,2013,Fall City,USA
4382000,4950,4,1,2,yes,no,no,no,yes,0,no,semi-furnished,,2003,0,Issaquah,USA
4375000,3900,3,1,2,yes,no,no,no,no,0,no,unfurnished,,1910,0,Seattle,USA
4340000,4500,3,2,3,yes,no,no,yes,no,1,no,furnished,,1999,0,Snoqualmie,USA
4340000,1905,5,1,2,no,no,yes,no,no,0,no,semi-furnished,,1973,0,Kirkland,USA
4340000,4075,3,1,1,yes,yes,yes,no,no,2,no,semi-furnished,,1953,0,Seattle,USA
4340000,3500,4,1,2,yes,no,no,no,no,2,no,furnished,,1977,2004,Renton,USA
4340000,6450,4,1,2,yes,no,no,no,no,0,no,semi-furnished,,2005,0,Seattle,USA
4319000,4032,2,1,1,yes,no,yes,no,no,0,no,furnished,,1962,0,Bellevue,USA
4305000,4400,2,1,1,yes,no,no,no,no,1,no,semi-furnished,,1977,0,Auburn,USA
4305000,10360,2,1,1,yes,no,no,no,no,1,yes,semi-furnished,,1969,0,Federal Way,USA
4277000,3400,3,1,2,yes,no,yes,no,no,2,yes,semi-furnished,,1959,0,Kent,USA
4270000,6360,2,1,1,yes,no,no,no,no,0,no,furnished,,1996,0,Woodinville,USA
4270000,6360,2,1,2,yes,no,no,no,no,0,no,unfurnished,,1926,0,Seattle,USA
4270000,4500,2,1,1,yes,no,no,no,yes,2,no,furnished,,2006,0,Algona,USA
4270000,2175,3,1,2,no,yes,yes,no,yes,0,no,unfurnished,,1976,1992,Issaquah,USA
4270000,4360,4,1,2,yes,no,no,no,no,0,no,furnished,,1998,2006,Kenmore,USA
4270000,7770,2,1,1,yes,no,no,no,no,1,no,furnished,,1905,0,Seattle,USA
4235000,6650,3,1,2,yes,yes,no,no,no,0,no,semi-furnished,,1919,1996,Seattle,USA
4235000,2787,3,1,1,yes,no,yes,no,no,0,yes,furnished,,1963,0,Kent,USA
4200000,5500,3,1,2,yes,no,no,no,yes,0,no,unfurnished,,1993,0,Woodinville,USA
4200000,5040,3,1,2,yes,no,yes,no,yes,0,no,unfurnished,,1984,0,Kent,USA
4200000,5850,2,1,1,yes,yes,yes,no,no,2,no,semi-furnished,,1980,0,Redmond,USA
4200000,2610,4,3,2,no,no,no,no,no,0,no,semi-furnished,,1963,0,Bellevue,USA
4200000,2953,3,1,2,yes,no,yes,no,yes,0,no,unfurnished,,2001,0,Redmond,USA
4200000,2747,4,2,2,no,no,no,no,no,0,no,semi-furnished,,1968,0,Auburn,USA
4200000,4410,2,1,1,no,no,no,no,no,1,no,unfurnished,,1977,0,Renton,USA
4200000,4000,4,2,2,no,no,no,no,no,0,no,semi-furnished,,2007,0,Seattle,USA
4200000,2325,3,1,2,no,no,no,no,no,0,no,semi-furnished,,1987,0,Sammamish,USA
4200000,4600,3,2,2,yes,no,no,no,yes,1,no,semi-furnished,,1956,0,Burien,USA
4200000,3640,3,2,2,yes,no,yes,no,no,0,no,unfurnished,,1956,2001,Renton,USA
4200000,5800,3,1,1,yes,no,no,yes,no,2,no,semi-furnished,,2003,0,Renton,USA
4200000,7000,3,1,1,yes,no,no,no,no,3,no,furnished,,1940,1996,Seattle,USA
4200000,4079,3,1,3,yes,no,no,no,no,0,no,semi-furnished,,1977,2004,Black Diamond,USA
4200000,3520,3,1,2,yes,no,no,no,no,0,yes,semi-furnished,,1962,2003,North Bend,USA
4200000,2145,3,1,3,yes,no,no,no,no,1,yes,unfurnished,,1979,2014,Bellevue,USA
4200000,4500,3,1,1,yes,no,yes,no,no,0,no,furnished,,1999,0,Sammamish,USA
4193000,8250,3,1,1,yes,no,yes,no,no,3,no,semi-furnished,,1978,2000,Bellevue,USA
4193000,3450,3,1,2,yes,no,no,no,no,1,no,semi-furnished,,1987,2000,Redmond,USA
4165000,4840,3,1,2,yes,no,no,no,no,1,no,semi-furnished,,1976,0,Ravensdale,USA
4165000,4080,3,1,2,yes,no,no,no,no,2,no,semi-furnished,,1992,0,Ravensdale,USA
4165000,4046,3,1,2,yes,no,yes,no,no,1,no,semi-furnished,,1947,2012,Seattle,USA
4130000,4632,4,1,2,yes,no,no,no,yes,0,no,semi-furnished,,1968,0,Federal Way,USA
4130000,5985,3,1,1,yes,no,yes,no,no,0,no,semi-furnished,,1979,0,Duvall,USA
4123000,6060,2,1,1,yes,no,yes,no,no,1,no,semi-furnished,,1992,0,Maple Valley,USA
4098500,3600,3,1,1,yes,no,yes,no,yes,0,yes,furnished,,1969,0,Renton,USA
4095000,3680,3,2,2,yes,no,no,no,no,0,no,semi-furnished,,1987,2000,Mercer Island,USA
4095000,4040,2,1,2,yes,no,no,no,no,1,no,semi-furnished,,1925,1992,Seattle,USA
4095000,5600,2,1,1,yes,no,no,no,yes,0,no,semi-furnished,,1982,2011,Woodinville,USA
4060000,5900,4,2,2,no,no,yes,no,no,1,no,unfurnished,,1940,1996,Seattle,USA
4060000,4992,3,2,2,yes,no,no,no,no,2,no,unfurnished,,1980,0,Renton,USA
4060000,4340,3,1,1,yes,no,no,no,no,0,no,semi-furnished,,2006,0,Seattle,USA
4060000,3000,4,1,3,yes,no,yes,no,yes,2,no,semi-furnished,,2012,1912,Kenmore,USA
4060000,4320,3,1,2,yes,no,no,no,no,2,yes,furnished,,2004,2003,Seattle,USA
4025000,3630,3,2,2,yes,no,no,yes,no,2,no,semi-furnished,,2008,0,Seattle,USA
4025000,3460,3,2,1,yes,no,yes,no,yes,1,no,furnished,,2007,0,Carnation,USA
4025000,5400,3,1,1,yes,no,no,no,no,3,no,semi-furnished,,2010,0,Issaquah,USA
4007500,4500,3,1,2,no,no,yes,no,yes,0,no,semi-furnished,,2007,0,Seattle,USA
4007500,3460,4,1,2,yes,no,no,no,yes,0,no,semi-furnished,,1979,0,Seattle,USA
3990000,4100,4,1,1,no,no,yes,no,no,0,no,unfurnished,,2003,0,Maple Valley,USA
3990000,6480,3,1,2,no,no,no,no,yes,1,no,semi-furnished,,1921,2007,Seattle,USA
3990000,4500,3,2,2,no,no,yes,no,yes,0,no,semi-furnished,,1962,2003,Kent,USA
3990000,3960,3,1,2,yes,no,no,no,no,0,no,furnished,,2006,0,Seattle,USA
3990000,4050,2,1,2,yes,yes,yes,no,no,0,yes,unfurnished,,1902,0,Seattle,USA
3920000,7260,3,2,1,yes,yes,yes,no,no,3,no,furnished,,2007,0,Seattle,USA
3920000,5500,4,1,2,yes,yes,yes,no,no,0,no,semi-furnished,,2001,0,Redmond,USA
3920000,3000,3,1,2,yes,no,no,no,no,0,no,semi-furnished,,1995,0,Seattle,USA
3920000,3290,2,1,1,yes,no,no,yes,no,1,no,furnished,,2014,0,Issaquah,USA
3920000,3816,2,1,1,yes,no,yes,no,yes,2,no,furnished,,1953,0,Clyde Hill,USA
3920000,8080,3,1,1,yes,no,no,no,yes,2,no,semi-furnished,,2004,2003,Seattle,USA
3920000,2145,4,2,1,yes,no,yes,no,no,0,yes,unfurnished,,1952,0,Shoreline,USA
3885000,3780,2,1,2,yes,yes,yes,no,no,0,no,semi-furnished,,1941,0,Seattle,USA
3885000,3180,4,2,2,yes,no,no,no,no,0,no,furnished,,1928,0,Mercer Island,USA
3850000,5300,5,2,2,yes,no,no,no,no,0,no,semi-furnished,,1986,0,Auburn,USA
3850000,3180,2,2,1,yes,no,yes,no,no,2,no,semi-furnished,,1978,0,Bellevue,USA
3850000,7152,3,1,2,yes,no,no,no,yes,0,no,furnished,,1910,2006,Seattle,USA
3850000,4080,2,1,1,yes,no,no,no,no,0,no,semi-furnished,,1975,0,Bellevue,USA
3850000,3850,2,1,1,yes,no,no,no,no,0,no,semi-furnished,,1928,1970,Mercer Island,USA
3850000,2015,3,1,2,yes,no,yes,no,no,0,yes,semi-furnished,,1990,2009,Duvall,USA
3850000,2176,2,1,2,yes,yes,no,no,no,0,yes,semi-furnished,,1906,1990,Seattle,USA
3836000,3350,3,1,2,yes,no,no,no,no,0,no,unfurnished,,2000,0,Bellevue,USA
3815000,3150,2,2,1,no,no,yes,no,no,0,no,semi-furnished,,1951,1994,Seattle,USA
3780000,4820,3,1,2,yes,no,no,no,no,0,no,semi-furnished,,2004,2003,Seattle,USA
3780000,3420,2,1,2,yes,no,no,yes,no,1,no,semi-furnished,,2004,2003,Seattle,USA
3780000,3600,2,1,1,yes,no,no,no,no,0,no,semi-furnished,,1987,2000,Maple Valley,USA
3780000,5830,2,1,1,yes,no,no,no,no,2,no,unfurnished,,1943,0,Seattle,USA
3780000,2856,3,1,3,yes,no,no,no,no,0,yes,furnished,,1954,1983,Seattle,USA
3780000,8400,2,1,1,yes,no,no,no,no,1,no,furnished,,1966,0,Renton,USA
3773000,8250,3,1,1,yes,no,no,no,no,2,no,furnished,,1999,0,Sammamish,USA
3773000,2520,5,2,1,no,no,yes,no,yes,1,no,furnished,,2003,0,Woodinville,USA
3773000,6930,4,1,2,no,no,no,no,no,1,no,furnished,,1961,2001,Auburn,USA
3745000,3480,2,1,1,yes,no,no,no,no,0,yes,semi-furnished,,2004,2003,Renton,USA
3710000,3600,3,1,1,yes,no,no,no,no,1,no,unfurnished,,2004,2003,Seattle,USA
3710000,4040,2,1,1,yes,no,no,no,no,0,no,semi-furnished,,1980,0,Kirkland,USA
3710000,6020,3,1,1,yes,no,no,no,no,0,no,semi-furnished,,1954,2014,Seattle,USA
3710000,4050,2,1,1,yes,no,no,no,no,0,no,furnished,,1941,1994,Seattle,USA
3710000,3584,2,1,1,yes,no,no,yes,no,0,no,semi-furnished,,2004,2003,Redmond,USA
3703000,3120,3,1,2,no,no,yes,yes,no,0,no,semi-furnished,,2013,1923,Burien,USA
3703000,5450,2,1,1,yes,no,no,no,no,0,no,furnished,,1956,0,Kirkland,USA
3675000,3630,2,1,1,yes,no,yes,no,no,0,no,furnished,,1961,2001,Mercer Island,USA
3675000,3630,2,1,1,yes,no,no,no,yes,0,no,unfurnished,,1968,0,Mercer Island,USA
3675000,5640,2,1,1,no,no,no,no,no,0,no,semi-furnished,,1986,0,Maple Valley,USA
3675000,3600,2,1,1,yes,no,no,no,no,0,no,furnished,,2007,0,Seattle,USA
3640000,4280,2,1,1,yes,no,no,no,yes,2,no,semi-furnished,,1969,0,Kent,USA
3640000,3570,3,1,2,yes,no,yes,no,no,0,no,semi-furnished,,2008,0,Redmond,USA
3640000,3180,3,1,2,no,no,yes,no,no,0,no,semi-furnished,,1910,0,Seattle,USA
3640000,3000,2,1,2,yes,no,no,no,yes,0,no,furnished,,1955,2009,Shoreline,USA
3640000,3520,2,2,1,yes,no,yes,no,no,0,no,semi-furnished,,1989,0,Issaquah,USA
3640000,5960,3,1,2,yes,yes,yes,no,no,0,no,unfurnished,,2003,0,Issaquah,USA
3640000,4130,3,2,2,yes,no,no,no,no,2,no,semi-furnished,,1951,1994,Seattle,USA
3640000,2850,3,2,2,no,no,yes,no,no,0,yes,unfurnished,,1922,1956,Seattle,USA
3640000,2275,3,1,3,yes,no,no,yes,yes,0,yes,semi-furnished,,1968,1997,Woodinville,USA
3633000,3520,3,1,1,yes,no,no,no,no,2,yes,unfurnished,,1917,0,Burien,USA
3605000,4500,2,1,1,yes,no,no,no,no,0,no,semi-furnished,,1959,1989,Federal Way,USA
3605000,4000,2,1,1,yes,no,no,no,no,0,yes,semi-furnished,,1930,0,Seattle,USA
3570000,3150,3,1,2,yes,no,yes,no,no,0,no,furnished,,2009,0,Redmond,USA
3570000,4500,4,2,2,yes,no,yes,no,no,2,no,furnished,,1953,0,Normandy Park,USA
3570000,4500,2,1,1,no,no,no,no,no,0,no,furnished,,1962,0,Seattle,USA
3570000,3640,2,1,1,yes,no,no,no,no,0,no,unfurnished,,1918,0,Seattle,USA
3535000,3850,3,1,1,yes,no,no,no,no,2,no,unfurnished,,1963,0,Clyde Hill,USA
3500000,4240,3,1,2,yes,no,no,no,yes,0,no,semi-furnished,,1936,0,Seattle,USA
3500000,3650,3,1,2,yes,no,no,no,no,0,no,unfurnished,,1975,0,Seattle,USA
3500000,4600,4,1,2,yes,no,no,no,no,0,no,semi-furnished,,1978,0,Kirkland,USA
3500000,2135,3,2,2,no,no,no,no,no,0,no,unfurnished,,1945,0,Maple Valley,USA
3500000,3036,3,1,2,yes,no,yes,no,no,0,no,semi-furnished,,1992,0,Bellevue,USA
3500000,3990,3,1,2,yes,no,no,no,no,0,no,semi-furnished,,1941,0,Burien,USA
3500000,7424,3,1,1,no,no,no,no,no,0,no,unfurnished,,1964,0,Seattle,USA
3500000,3480,3,1,1,no,no,no,no,yes,0,no,unfurnished,,1928,1970,Seattle,USA
3500000,3600,6,1,2,yes,no,no,no,no,1,no,unfurnished,,1976,0,Mercer Island,USA
3500000,3640,2,1,1,yes,no,no,no,no,1,no,semi-furnished,,1919,1990,Vashon,USA
3500000,5900,2,1,1,yes,no,no,no,no,1,no,furnished,,1911,1981,Seattle,USA
3500000,3120,3,1,2,yes,no,no,no,no,1,no,unfurnished,,2012,1912,Bellevue,USA
3500000,7350,2,1,1,yes,no,no,no,no,1,no,semi-furnished,,2005,0,Seattle,USA
3500000,3512,2,1,1,yes,no,no,no,no,1,yes,unfurnished,,2009,0,Seattle,USA
3500000,9500,3,1,2,yes,no,no,no,no,3,yes,unfurnished,,2010,0,Seattle,USA
3500000,5880,2,1,1,yes,no,no,no,no,0,no,unfurnished,,2014,0,Redmond,USA
3500000,12944,3,1,1,yes,no,no,no,no,0,no,unfurnished,,2010,0,Maple Valley,USA
3493000,4900,3,1,2,no,no,no,no,no,0,no,unfurnished,,2008,0,Kirkland,USA
3465000,3060,3,1,1,yes,no,no,no,no,0,no,unfurnished,,2001,0,Renton,USA
3465000,5320,2,1,1,yes,no,no,no,no,1,yes,unfurnished,,2013,1923,Redmond,USA
3465000,2145,3,1,3,yes,no,no,no,no,0,yes,furnished,,2009,0,Seattle,USA
3430000,4000,2,1,1,yes,no,no,no,no,0,no,unfurnished,,1993,0,Sammamish,USA
3430000,3185,2,1,1,yes,no,no,no,no,2,no,unfurnished,,1976,0,Woodinville,USA
3430000,3850,3,1,1,yes,no,no,no,no,0,no,unfurnished,,2007,0,Issaquah,USA
3430000,2145,3,1,3,yes,no,no,no,no,0,yes,furnished,,1977,2004,Kenmore,USA
3430000,2610,3,1,2,yes,no,yes,no,no,0,yes,unfurnished,,1972,0,Federal Way,USA
3430000,1950,3,2,2,yes,no,yes,no,no,0,yes,unfurnished,,2006,0,Redmond,USA
3423000,4040,2,1,1,yes,no,no,no,no,0,no,unfurnished,,1954,1979,Shoreline,USA
3395000,4785,3,1,2,yes,yes,yes,no,yes,1,no,furnished,,1981,0,Renton,USA
3395000,3450,3,1,1,yes,no,yes,no,no,2,no,unfurnished,,2006,0,Kent,USA
3395000,3640,2,1,1,yes,no,no,no,no,0,no,furnished,,1994,0,Seattle,USA
3360000,3500,4,1,2,yes,no,no,no,yes,2,no,unfurnished,,2003,0,Issaquah,USA
3360000,4960,4,1,3,no,no,no,no,no,0,no,semi-furnished,,1956,0,Bellevue,USA
3360000,4120,2,1,2,yes,no,no,no,no,0,no,unfurnished,,1957,2001,Bellevue,USA
3360000,4750,2,1,1,yes,no,no,no,no,0,no,unfurnished,,1958,2004,Seattle,USA
3360000,3720,2,1,1,no,no,no,no,yes,0,no,unfurnished,,1963,0,Redmond,USA
3360000,3750,3,1,1,yes,no,no,no,no,0,no,unfurnished,,1962,2003,Seattle,USA
3360000,3100,3,1,2,no,no,yes,no,no,0,no,semi-furnished,,1911,1984,Seattle,USA
3360000,3185,2,1,1,yes,no,yes,no,no,2,no,furnished,,1969,0,Yarrow Point,USA
3353000,2700,3,1,1,no,no,no,no,no,0,no,furnished,,1967,2011,Kent,USA
3332000,2145,3,1,2,yes,no,yes,no,no,0,yes,furnished,,1987,0,Duvall,USA
3325000,4040,2,1,1,yes,no,no,no,no,1,no,unfurnished,,1906,2014,Seattle,USA
3325000,4775,4,1,2,yes,no,no,no,no,0,no,unfurnished,,1942,1982,Auburn,USA
3290000,2500,2,1,1,no,no,no,no,yes,0,no,unfurnished,,1922,1956,Seattle,USA
3290000,3180,4,1,2,yes,no,yes,no,yes,0,no,unfurnished,,1975,0,Bellevue,USA
3290000,6060,3,1,1,yes,yes,yes,no,no,0,no,furnished,,2004,2003,Renton,USA
3290000,3480,4,1,2,no,no,no,no,no,1,no,semi-furnished,,1951,1999,Seattle,USA
3290000,3792,4,1,2,yes,no,no,no,no,0,no,semi-furnished,,1927,0,Seattle,USA
3290000,4040,2,1,1,yes,no,no,no,no,0,no,unfurnished,,1943,2002,Seattle,USA
3290000,2145,3,1,2,yes,no,yes,no,no,0,yes,furnished,,1970,2014,Seattle,USA
3290000,5880,3,1,1,yes,no,no,no,no,1,no,unfurnished,,1975,0,Bellevue,USA
3255000,4500,2,1,1,no,no,no,no,no,0,no,semi-furnished,,1959,0,Shoreline,USA
3255000,3930,2,1,1,no,no,no,no,no,0,no,unfurnished,,2003,0,Sammamish,USA
3234000,3640,4,1,2,yes,no,yes,no,no,0,no,unfurnished,,1977,2004,Vashon,USA
3220000,4370,3,1,2,yes,no,no,no,no,0,no,unfurnished,,1977,0,Woodinville,USA
3220000,2684,2,1,1,yes,no,no,no,yes,1,no,unfurnished,,1923,0,Seattle,USA
3220000,4320,3,1,1,no,no,no,no,no,1,no,unfurnished,,1956,2001,Seattle,USA
3220000,3120,3,1,2,no,no,no,no,no,0,no,furnished,,1939,1969,SeaTac,USA
3150000,3450,1,1,1,yes,no,no,no,no,0,no,furnished,,1947,2012,Seattle,USA
3150000,3986,2,2,1,no,yes,yes,no,no,1,no,unfurnished,,1968,1997,Kirkland,USA
3150000,3500,2,1,1,no,no,yes,no,no,0,no,semi-furnished,,1931,0,Seattle,USA
3150000,4095,2,1,1,yes,no,no,no,no,2,no,semi-furnished,,1943,2002,Seattle,USA
3150000,1650,3,1,2,no,no,yes,no,no,0,no,unfurnished,,1973,2013,Kirkland,USA
3150000,3450,3,1,2,yes,no,yes,no,no,0,no,semi-furnished,,1986,0,Bellevue,USA
3150000,6750,2,1,1,yes,no,no,no,no,0,no,semi-furnished,,2006,0,Newcastle,USA
3150000,9000,3,1,2,yes,no,no,no,no,2,no,semi-furnished,,2000,0,Bellevue,USA
3150000,3069,2,1,1,yes,no,no,no,no,1,no,unfurnished,,1967,0,Mercer Island,USA
3143000,4500,3,1,2,yes,no,no,no,yes,0,no,unfurnished,,1951,0,Shoreline,USA
3129000,5495,3,1,1,yes,no,yes,no,no,0,no,unfurnished,,1944,0,Seattle,USA
3118850,2398,3,1,1,yes,no,no,no,no,0,yes,semi-furnished,,1968,0,Redmond,USA
3115000,3000,3,1,1,no,no,no,no,yes,0,no,unfurnished,,1909,2004,Seattle,USA
3115000,3850,3,1,2,yes,no,no,no,no,0,no,unfurnished,,1905,0,Seattle,USA
3115000,3500,2,1,1,yes,no,no,no,no,0,no,unfurnished,,2010,0,Seattle,USA
3087000,8100,2,1,1,yes,no,no,no,no,1,no,unfurnished,,1978,2000,Covington,USA
3080000,4960,2,1,1,yes,no,yes,no,yes,0,no,unfurnished,,1958,1972,Bellevue,USA
3080000,2160,3,1,2,no,no,yes,no,no,0,no,semi-furnished,,1969,0,Bellevue,USA
3080000,3090,2,1,1,yes,yes,yes,no,no,0,no,unfurnished,,1964,2000,Bellevue,USA
3080000,4500,2,1,2,yes,no,no,yes,no,1,no,semi-furnished,,1982,0,Mercer Island,USA
3045000,3800,2,1,1,yes,no,no,no,no,0,no,unfurnished,,1973,0,Burien,USA
3010000,3090,3,1,2,no,no,no,no,no,0,no,semi-furnished,,1953,1983,Normandy Park,USA
3010000,3240,3,1,2,yes,no,no,no,no,2,no,semi-furnished,,2001,0,Mercer Island,USA
3010000,2835,2,1,1,yes,no,no,no,no,0,no,semi-furnished,,1910,2006,Seattle,USA
3010000,4600,2,1,1,yes,no,no,no,no,0,no,furnished,,1956,2001,Lake Forest Park,USA
3010000,5076,3,1,1,no,no,no,no,no,0,no,unfurnished,,1925,2002,Seattle,USA
3010000,3750,3,1,2,yes,no,no,no,no,0,no,unfurnished,,1990,2009,Auburn,USA
3010000,3630,4,1,2,yes,no,no,no,no,3,no,semi-furnished,,1989,0,Mercer Island,USA
3003000,8050,2,1,1,yes,no,no,no,no,0,no,unfurnished,,1963,2008,Auburn,USA
2975000,4352,4,1,2,no,no,no,no,no,1,no,unfurnished,,1968,0,Woodinville,USA
2961000,3000,2,1,2,yes,no,no,no,no,0,no,semi-furnished,,1989,0,Duvall,USA
2940000,5850,3,1,2,yes,no,yes,no,no,1,no,unfurnished,,1937,0,Seattle,USA
2940000,4960,2,1,1,yes,no,no,no,no,0,no,unfurnished,,1950,2005,Seattle,USA
2940000,3600,3,1,2,no,no,no,no,no,1,no,unfurnished,,2002,0,Snoqualmie,USA
2940000,3660,4,1,2,no,no,no,no,no,0,no,unfurnished,,2012,1912,Kenmore,USA
2940000,3480,3,1,2,no,no,no,no,no,1,no,semi-furnished,,2007,0,Woodinville,USA
2940000,2700,2,1,1,no,no,no,no,no,0,no,furnished,,2008,0,Seattle,USA
2940000,3150,3,1,2,no,no,no,no,no,0,no,unfurnished,,2012,1912,Snoqualmie,USA
2940000,6615,3,1,2,yes,no,no,no,no,0,no,semi-furnished,,2006,0,Seattle,USA
2870000,3040,2,1,1,no,no,no,no,no,0,no,unfurnished,,2013,1923,Seattle,USA
2870000,3630,2,1,1,yes,no,no,no,no,0,no,unfurnished,,2009,0,Renton,USA
2870000,6000,2,1,1,yes,no,no,no,no,0,no,semi-furnished,,2007,0,Seattle,USA
2870000,5400,4,1,2,yes,no,no,no,no,0,no,unfurnished,,1947,1988,Seattle,USA
2852500,5200,4,1,3,yes,no,no,no,no,0,no,unfurnished,,2007,0,Seattle,USA
2835000,3300,3,1,2,no,no,no,no,no,1,no,semi-furnished,,1921,0,Seattle,USA
2835000,4350,3,1,2,no,no,no,yes,no,1,no,unfurnished,,1958,0,Mercer Island,USA
2835000,2640,2,1,1,no,no,no,no,no,1,no,furnished,,1955,2009,Bellevue,USA
2800000,2650,3,1,2,yes,no,yes,no,no,1,no,unfurnished,,1906,1990,Seattle,USA
2800000,3960,3,1,1,yes,no,no,no,no,0,no,furnished,,1929,0,Seattle,USA
2730000,6800,2,1,1,yes,no,no,no,no,0,no,unfurnished,,1911,1979,Des Moines,USA
2730000,4000,3,1,2,yes,no,no,no,no,1,no,unfurnished,,1984,0,Federal Way,USA
2695000,4000,2,1,1,yes,no,no,no,no,0,no,unfurnished,,1984,0,Renton,USA
2660000,3934,2,1,1,yes,no,no,no,no,0,no,unfurnished,,1986,0,Sammamish,USA
2660000,2000,2,1,2,yes,no,no,no,no,0,no,semi-furnished,,1974,0,Normandy Park,USA
2660000,3630,3,3,2,no,yes,no,no,no,0,no,unfurnished,,1952,1998,Renton,USA
2660000,2800,3,1,1,yes,no,no,no,no,0,no,unfurnished,,1986,0,Kent,USA
2660000,2430,3,1,1,no,no,no,no,no,0,no,unfurnished,,1952,0,Auburn,USA
2660000,3480,2,1,1,yes,no,no,no,no,1,no,semi-furnished,,1998,2006,Auburn,USA
2660000,4000,3,1,1,yes,no,no,no,no,0,no,semi-furnished,,1951,1994,Seattle,USA
2653000,3185,2,1,1,yes,no,no,no,yes,0,no,unfurnished,,1956,2001,Seattle,USA
2653000,4000,3,1,2,yes,no,no,no,yes,0,no,unfurnished,,1948,1994,Seattle,USA
2604000,2910,2,1,1,no,no,no,no,no,0,no,unfurnished,,1965,0,Kirkland,USA
2590000,3600,2,1,1,yes,no,no,no,no,0,no,unfurnished,,1947,2012,Seattle,USA
2590000,4400,2,1,1,yes,no,no,no,no,0,no,unfurnished,,2014,0,Issaquah,USA
2590000,3600,2,2,2,yes,no,yes,no,no,1,no,furnished,,1953,0,Kenmore,USA
2520000,2880,3,1,1,no,no,no,no,no,0,no,unfurnished,,1904,0,Seattle,USA
2520000,3180,3,1,1,no,no,no,no,no,0,no,unfurnished,,1981,2013,Seattle,USA
2520000,3000,2,1,2,yes,no,no,no,no,0,no,furnished,,2012,1912,Maple Valley,USA
2485000,4400,3,1,2,yes,no,no,no,no,0,no,unfurnished,,1926,0,Seattle,USA
2485000,3000,3,1,2,no,no,no,no,no,0,no,semi-furnished,,1989,0,Newcastle,USA
2450000,3210,3,1,2,yes,no,yes,no,no,0,no,unfurnished,,2004,2003,Issaquah,USA
2450000,3240,2,1,1,no,yes,no,no,no,1,no,unfurnished,,1992,0,Woodinville,USA
2450000,3000,2,1,1,yes,no,no,no,no,1,no,unfurnished,,1903,0,Seattle,USA
2450000,3500,2,1,1,yes,yes,no,no,no,0,no,unfurnished,,1990,0,Kent,USA
2450000,4840,2,1,2,yes,no,no,no,no,0,no,unfurnished,,1962,2014,Shoreline,USA
2450000,7700,2,1,1,yes,no,no,no,no,0,no,unfurnished,,1924,2011,Seattle,USA
2408000,3635,2,1,1,no,no,no,no,no,0,no,unfurnished,,1957,2001,Shoreline,USA
2380000,2475,3,1,2,yes,no,no,no,no,0,no,furnished,,1955,2005,Seattle,USA
2380000,2787,4,2,2,yes,no,no,no,no,0,no,furnished,,1995,0,Auburn,USA
2380000,3264,2,1,1,yes,no,no,no,no,0,no,unfurnished,,1906,1990,Seattle,USA
2345000,3640,2,1,1,yes,no,no,no,no,0,no,unfurnished,,1978,0,Fall City,USA
2310000,3180,2,1,1,yes,no,no,no,no,0,no,unfurnished,,1963,0,Kent,USA
2275000,1836,2,1,1,no,no,yes,no,no,0,no,semi-furnished,,1954,2005,Shoreline,USA
2275000,3970,1,1,1,no,no,no,no,no,0,no,unfurnished,,1978,0,Auburn,USA
2275000,3970,3,1,2,yes,no,yes,no,no,0,no,unfurnished,,1957,2001,Bellevue,USA
2240000,1950,3,1,1,no,no,no,yes,no,0,no,unfurnished,,1950,1983,Federal Way,USA
2233000,5300,3,1,1,no,no,no,no,yes,0,yes,unfurnished,,2005,0,Kenmore,USA
2135000,3000,2,1,1,no,no,no,no,no,0,no,unfurnished,,1959,1998,Ravensdale,USA
2100000,2400,3,1,2,yes,no,no,no,no,0,no,unfurnished,,1980,0,Tukwila,USA
2100000,3000,4,1,2,yes,no,no,no,no,0,no,unfurnished,,1991,0,Duvall,USA
2100000,3360,2,1,1,yes,no,no,no,no,1,no,unfurnished,,1941,0,Seattle,USA
1960000,3420,5,1,2,no,no,no,no,no,0,no,unfurnished,,1988,2000,Woodinville,USA
1890000,1700,3,1,2,yes,no,no,no,no,0,no,unfurnished,,1940,2001,Seattle,USA
1890000,3649,2,1,1,yes,no,no,no,no,0,no,unfurnished,,2008,0,Sammamish,USA
1855000,2990,2,1,1,no,no,no,no,no,1,no,unfurnished,,1966,0,Renton,USA
1820000,3000,2,1,1,yes,no,yes,no,no,2,no,unfurnished,,1992,0,Issaquah,USA
1767150,2400,3,1,1,no,no,no,no,no,0,no,semi-furnished,,1997,0,Renton,USA
1750000,3620,2,1,1,yes,no,no,no,no,0,no,unfurnished,,1993,0,Redmond,USA
1750000,2910,3,1,1,no,no,no,no,no,0,no,furnished,,1952,2008,Shoreline,USA
1750000,3850,3,1,2,yes,no,no,no,no,0,no,unfurnished,,2005,0,SeaTac,USA
,,,,,,,,,,,,,,1949,1985,Shoreline,USA
,,,,,,,,,,,,,,1975,0,Auburn,USA
,,,,,,,,,,,,,,2000,0,Kirkland,USA
,,,,,,,,,,,,,,1923,1998,Seattle,USA
,,,,,,,,,,,,,,1973,0,Auburn,USA
,,,,,,,,,,,,,,1918,1974,Seattle,USA
,,,,,,,,,,,,,,1986,0,Redmond,USA
,,,,,,,,,,,,,,2006,0,Covington,USA
,,,,,,,,,,,,,,1955,2009,Bellevue,USA
,,,,,,,,,,,,,,1946,0,Seattle,USA
,,,,,,,,,,,,,,1966,0,Redmond,USA
,,,,,,,,,,,,,,2004,2003,Sammamish,USA
,,,,,,,,,,,,,,1995,0,Bellevue,USA
,,,,,,,,,,,,,,1999,0,Auburn,USA
,,,,,,,,,,,,,,1973,0,Kirkland,USA
,,,,,,,,,,,,,,1989,0,Federal Way,USA
,,,,,,,,,,,,,,1972,2002,Mercer Island,USA
,,,,,,,,,,,,,,1967,2011,Tukwila,USA
,,,,,,,,,,,,,,2008,0,Renton,USA
,,,,,,,,,,,,,,2007,0,Issaquah,USA
,,,,,,,,,,,,,,2007,0,Sammamish,USA
,,,,,,,,,,,,,,2003,0,Federal Way,USA
,,,,,,,,,,,,,,1983,2009,Sammamish,USA
,,,,,,,,,,,,,,1979,2014,Renton,USA
,,,,,,,,,,,,,,1998,2006,Auburn,USA
,,,,,,,,,,,,,,1959,1989,Bellevue,USA
,,,,,,,,,,,,,,1932,0,Seattle,USA
,,,,,,,,,,,,,,1986,0,Sammamish,USA
,,,,,,,,,,,,,,1990,0,Kent,USA
,,,,,,,,,,,,,,1963,0,Renton,USA
,,,,,,,,,,,,,,1912,1971,Seattle,USA
,,,,,,,,,,,,,,1957,2001,Renton,USA
,,,,,,,,,,,,,,1989,0,Federal Way,USA
,,,,,,,,,,,,,,1947,2012,Seattle,USA
,,,,,,,,,,,,,,1967,2011,Federal Way,USA
,,,,,,,,,,,,,,1957,2000,Seattle,USA
,,,,,,,,,,,,,,1909,2004,Seattle,USA
,,,,,,,,,,,,,,1955,2009,Shoreline,USA
,,,,,,,,,,,,,,1980,0,Kirkland,USA
,,,,,,,,,,,,,,1991,0,Tukwila,USA
,,,,,,,,,,,,,,1903,2005,Seattle,USA
,,,,,,,,,,,,,,1963,0,Redmond,USA
,,,,,,,,,,,,,,1955,2005,Bellevue,USA
,,,,,,,,,,,,,,1986,0,Kenmore,USA
,,,,,,,,,,,,,,1985,0,Redmond,USA
,,,,,,,,,,,,,,1991,0,Kent,USA
,,,,,,,,,,,,,,1996,0,Kenmore,USA
,,,,,,,,,,,,,,1979,2014,Renton,USA
,,,,,,,,,,,,,,1980,0,Redmond,USA
,,,,,,,,,,,,,,1959,1989,North Bend,USA
,,,,,,,,,,,,,,2006,0,Seattle,USA
,,,,,,,,,,,,,,1946,0,Seattle,USA
,,,,,,,,,,,,,,1990,2009,Bellevue,USA
,,,,,,,,,,,,,,1921,0,Seattle,USA
,,,,,,,,,,,,,,1989,0,Issaquah,USA
,,,,,,,,,,,,,,1967,2011,Auburn,USA
,,,,,,,,,,,,,,2001,0,Sammamish,USA
,,,,,,,,,,,,,,2003,0,Issaquah,USA
,,,,,,,,,,,,,,1960,2001,Shoreline,USA
,,,,,,,,,,,,,,1961,2004,Seattle,USA
,,,,,,,,,,,,,,1969,0,Maple Valley,USA
,,,,,,,,,,,,,,1962,2002,Medina,USA
,,,,,,,,,,,,,,1940,1996,Seattle,USA
,,,,,,,,,,,,,,1940,2001,Duvall,USA
,,,,,,,,,,,,,,1986,0,Sammamish,USA
,,,,,,,,,,,,,,1991,0,Federal Way,USA
,,,,,,,,,,,,,,1953,0,Shoreline,USA
,,,,,,,,,,,,,,1991,0,Woodinville,USA
,,,,,,,,,,,,,,1994,0,Renton,USA
,,,,,,,,,,,,,,1988,2000,Woodinville,USA
,,,,,,,,,,,,,,1941,2005,Seattle,USA
,,,,,,,,,,,,,,1919,2001,Seattle,USA
,,,,,,,,,,,,,,1948,1994,Shoreline,USA
,,,,,,,,,,,,,,1941,0,Seattle,USA
,,,,,,,,,,,,,,1996,0,Seattle,USA
,,,,,,,,,,,,,,1947,1988,Seattle,USA
,,,,,,,,,,,,,,1956,0,Bellevue,USA
,,,,,,,,,,,,,,1970,0,Covington,USA
,,,,,,,,,,,,,,1986,0,Seattle,USA
,,,,,,,,,,,,,,1976,0,Kirkland,USA
,,,,,,,,,,,,,,1955,1990,Bellevue,USA
,,,,,,,,,,,,,,1960,2012,Seattle,USA
,,,,,,,,,,,,,,1946,0,Seattle,USA
,,,,,,,,,,,,,,1997,0,Seattle,USA
,,,,,,,,,,,,,,1979,2014,Lake Forest Park,USA
,,,,,,,,,,,,,,1924,2013,Seattle,USA
,,,,,,,,,,,,,,1969,2010,Renton,USA
,,,,,,,,,,,,,,1948,1994,Seattle,USA
,,,,,,,,,,,,,,1999,0,Issaquah,USA
,,,,,,,,,,,,,,1995,0,Seattle,USA
,,,,,,,,,,,,,,2004,2003,Redmond,USA
,,,,,,,,,,,,,,2007,0,Seattle,USA
,,,,,,,,,,,,,,2013,1923,Issaquah,USA
,,,,,,,,,,,,,,2010,0,Redmond,USA
,,,,,,,,,,,,,,2009,0,Seattle,USA
,,,,,,,,,,,,,,2007,0,Fall City,USA
,,,,,,,,,,,,,,2013,1923,Sammamish,USA
,,,,,,,,,,,,,,2013,1923,Newcastle,USA
,,,,,,,,,,,,,,1985,0,Kent,USA
,,,,,,,,,,,,,,1992,0,North Bend,USA
,,,,,,,,,,,,,,1942,1999,Seattle,USA
,,,,,,,,,,,,,,2005,0,Snoqualmie,USA
,,,,,,,,,,,,,,1990,0,Seattle,USA
,,,,,,,,,,,,,,1926,2003,Seattle,USA
,,,,,,,,,,,,,,1977,0,Renton,USA
,,,,,,,,,,,,,,2005,0,Seattle,USA
,,,,,,,,,,,,,,1947,1988,Seattle,USA
,,,,,,,,,,,,,,1900,2003,Seattle,USA
,,,,,,,,,,,,,,1979,2014,Federal Way,USA
,,,,,,,,,,,,,,1977,2004,Kirkland,USA
,,,,,,,,,,,,,,1987,2000,North Bend,USA
,,,,,,,,,,,,,,1941,1998,Tukwila,USA
,,,,,,,,,,,,,,1986,0,Federal Way,USA
,,,,,,,,,,,,,,2003,0,Issaquah,USA
,,,,,,,,,,,,,,1982,2011,Vashon,USA
,,,,,,,,,,,,,,1981,0,Sammamish,USA
,,,,,,,,,,,,,,1972,2002,Kirkland,USA
,,,,,,,,,,,,,,1988,0,Kent,USA
,,,,,,,,,,,,,,1944,0,Seattle,USA
,,,,,,,,,,,,,,1962,2003,Renton,USA
,,,,,,,,,,,,,,1926,2001,Seattle,USA
,,,,,,,,,,,,,,2006,0,Redmond,USA
,,,,,,,,,,,,,,1909,1989,Seattle,USA
,,,,,,,,,,,,,,2009,0,Maple Valley,USA
,,,,,,,,,,,,,,1904,0,Seattle,USA
,,,,,,,,,,,,,,1966,0,Maple Valley,USA
,,,,,,,,,,,,,,2013,1923,Seattle,USA
,,,,,,,,,,,,,,1947,1988,Seattle,USA
,,,,,,,,,,,,,,1996,0,Woodinville,USA
,,,,,,,,,,,,,,1973,2013,Kent,USA
,,,,,,,,,,,,,,1954,1979,Shoreline,USA
,,,,,,,,,,,,,,1955,2005,Des Moines,USA
,,,,,,,,,,,,,,1978,2000,Federal Way,USA
,,,,,,,,,,,,,,1984,0,Woodinville,USA
,,,,,,,,,,,,,,2001,0,Renton,USA
,,,,,,,,,,,,,,2005,0,Kent,USA
,,,,,,,,,,,,,,1921,0,Seattle,USA
,,,,,,,,,,,,,,1941,1994,Seattle,USA
,,,,,,,,,,,,,,2004,2003,Seattle,USA
,,,,,,,,,,,,,,1931,0,Seattle,USA
,,,,,,,,,,,,,,2003,0,Snoqualmie,USA
,,,,,,,,,,,,,,1940,1996,Seattle,USA
,,,,,,,,,,,,,,2007,0,Seattle,USA
,,,,,,,,,,,,,,1982,0,Kent,USA
,,,,,,,,,,,,,,2003,0,Issaquah,USA
,,,,,,,,,,,,,,1990,2009,Bothell,USA
,,,,,,,,,,,,,,2005,0,Des Moines,USA
,,,,,,,,,,,,,,1920,1979,Seattle,USA
,,,,,,,,,,,,,,1987,0,Seattle,USA
,,,,,,,,,,,,,,1978,2000,Covington,USA
,,,,,,,,,,,,,,1983,2009,Sammamish,USA
,,,,,,,,,,,,,,2003,0,Maple Valley,USA
,,,,,,,,,,,,,,1960,2001,Bellevue,USA
,,,,,,,,,,,,,,1937,0,Seattle,USA
,,,,,,,,,,,,,,2010,0,Kenmore,USA
,,,,,,,,,,,,,,1991,0,Mercer Island,USA
,,,,,,,,,,,,,,2005,0,Issaquah,USA
,,,,,,,,,,,,,,2009,0,Snoqualmie,USA
,,,,,,,,,,,,,,2014,0,Sammamish,USA
,,,,,,,,,,,,,,2012,1912,Seattle,USA
,,,,,,,,,,,,,,2009,0,Snoqualmie,USA
,,,,,,,,,,,,,,2008,0,Issaquah,USA
,,,,,,,,,,,,,,2007,0,Shoreline,USA
,,,,,,,,,,,,,,2008,0,Bellevue,USA
,,,,,,,,,,,,,,2006,0,Seattle,USA
,,,,,,,,,,,,,,1944,0,Seattle,USA
,,,,,,,,,,,,,,1986,0,Renton,USA
,,,,,,,,,,,,,,1994,0,Enumclaw,USA
,,,,,,,,,,,,,,1985,0,Redmond,USA
,,,,,,,,,,,,,,1994,0,Woodinville,USA
,,,,,,,,,,,,,,1987,2000,Snoqualmie,USA
,,,,,,,,,,,,,,1944,0,Seattle,USA
,,,,,,,,,,,,,,1954,0,Bellevue,USA
,,,,,,,,,,,,,,1979,0,Renton,USA
,,,,,,,,,,,,,,1928,1970,Seattle,USA
,,,,,,,,,,,,,,1988,0,Kent,USA
,,,,,,,,,,,,,,1929,0,Seattle,USA
,,,,,,,,,,,,,,1990,2009,Federal Way,USA
,,,,,,,,,,,,,,1967,0,Bellevue,USA
,,,,,,,,,,,,,,1962,0,Renton,USA
,,,,,,,,,,,,,,1901,0,Seattle,USA
,,,,,,,,,,,,,,2003,0,Maple Valley,USA
,,,,,,,,,,,,,,1906,0,Seattle,USA
,,,,,,,,,,,,,,1945,0,Shoreline,USA
,,,,,,,,,,,,,,1928,1954,Seattle,USA
,,,,,,,,,,,,,,1945,2010,Seattle,USA
,,,,,,,,,,,,,,1955,2009,Seattle,USA
,,,,,,,,,,,,,,1993,0,North Bend,USA
,,,,,,,,,,,,,,1942,1999,Seattle,USA
,,,,,,,,,,,,,,1940,0,Seattle,USA
,,,,,,,,,,,,,,1980,0,Vashon,USA
,,,,,,,,,,,,,,1966,1963,Seattle,USA
,,,,,,,,,,,,,,1970,0,Kent,USA
,,,,,,,,,,,,,,1907,0,Seattle,USA
,,,,,,,,,,,,,,1960,2001,Auburn,USA
,,,,,,,,,,,,,,2005,0,North Bend,USA
,,,,,,,,,,,,,,2008,0,Bellevue,USA
,,,,,,,,,,,,,,1999,0,Auburn,USA
,,,,,,,,,,,,,,1924,1956,Seattle,USA
,,,,,,,,,,,,,,1982,2011,Kirkland,USA
,,,,,,,,,,,,,,1968,0,Shoreline,USA
,,,,,,,,,,,,,,2014,0,Issaquah,USA
,,,,,,,,,,,,,,1974,0,Seattle,USA
,,,,,,,,,,,,,,2005,0,Maple Valley,USA
,,,,,,,,,,,,,,1926,2003,Seattle,USA
,,,,,,,,,,,,,,1988,2000,Woodinville,USA
,,,,,,,,,,,,,,1921,2007,Seattle,USA
,,,,,,,,,,,,,,1986,0,Federal Way,USA
,,,,,,,,,,,,,,1978,2000,Kent,USA
,,,,,,,,,,,,,,1942,1982,Renton,USA
,,,,,,,,,,,,,,1906,0,Seattle,USA
,,,,,,,,,,,,,,1973,2013,Redmond,USA
,,,,,,,,,,,,,,1979,0,Issaquah,USA
,,,,,,,,,,,,,,1999,0,Woodinville,USA
,,,,,,,,,,,,,,1977,0,Redmond,USA
,,,,,,,,,,,,,,1926,2003,Seattle,USA
,,,,,,,,,,,,,,2005,0,Seattle,USA
,,,,,,,,,,,,,,1953,0,Des Moines,USA
,,,,,,,,,,,,,,1979,0,Issaquah,USA
,,,,,,,,,,,,,,1967,2011,Woodinville,USA
,,,,,,,,,,,,,,1993,0,Redmond,USA
,,,,,,,,,,,,,,2005,0,Renton,USA
,,,,,,,,,,,,,,2004,2003,Seattle,USA
,,,,,,,,,,,,,,1981,2013,Renton,USA
,,,,,,,,,,,,,,1941,1994,SeaTac,USA
,,,,,,,,,,,,,,1937,1998,Seattle,USA
,,,,,,,,,,,,,,1985,0,Bellevue,USA
,,,,,,,,,,,,,,1976,1992,Renton,USA
,,,,,,,,,,,,,,1912,0,Seattle,USA
,,,,,,,,,,,,,,1908,0,Seattle,USA
,,,,,,,,,,,,,,2009,0,Seattle,USA
,,,,,,,,,,,,,,1998,2006,Redmond,USA
,,,,,,,,,,,,,,1951,1994,Shoreline,USA
,,,,,,,,,,,,,,1960,2012,Carnation,USA
,,,,,,,,,,,,,,1967,2011,Renton,USA
,,,,,,,,,,,,,,1908,1988,Des Moines,USA
,,,,,,,,,,,,,,1945,2010,Seattle,USA
,,,,,,,,,,,,,,1995,0,North Bend,USA
,,,,,,,,,,,,,,1978,0,Kenmore,USA
,,,,,,,,,,,,,,1984,0,Newcastle,USA
,,,,,,,,,,,,,,2005,0,Seattle,USA
,,,,,,,,,,,,,,2008,0,Seattle,USA
,,,,,,,,,,,,,,1966,0,Bellevue,USA
,,,,,,,,,,,,,,1914,1945,Seattle,USA
,,,,,,,,,,,,,,1954,2005,Seattle,USA
,,,,,,,,,,,,,,1997,0,Kirkland,USA
,,,,,,,,,,,,,,2011,0,Redmond,USA
,,,,,,,,,,,,,,2007,0,Seattle,USA
,,,,,,,,,,,,,,2007,0,Federal Way,USA
,,,,,,,,,,,,,,2013,1923,Snoqualmie,USA
,,,,,,,,,,,,,,2004,2003,Sammamish,USA
,,,,,,,,,,,,,,2001,0,Kenmore,USA
,,,,,,,,,,,,,,1906,0,Seattle,USA
,,,,,,,,,,,,,,1954,1999,Normandy Park,USA
,,,,,,,,,,,,,,2008,0,Seattle,USA
,,,,,,,,,,,,,,1942,2014,Seattle,USA
,,,,,,,,,,,,,,2014,0,Seattle,USA
,,,,,,,,,,,,,,1951,1999,Seattle,USA
,,,,,,,,,,,,,,1965,0,Renton,USA
,,,,,,,,,,,,,,1926,2003,Seattle,USA
,,,,,,,,,,,,,,1948,0,Seattle,USA
,,,,,,,,,,,,,,1978,0,Kent,USA
,,,,,,,,,,,,,,1943,0,Seattle,USA
,,,,,,,,,,,,,,1926,2003,Seattle,USA
,,,,,,,,,,,,,,1982,2011,Redmond,USA
,,,,,,,,,,,,,,1923,0,Seattle,USA
,,,,,,,,,,,,,,1987,0,Redmond,USA
,,,,,,,,,,,,,,2001,0,Renton,USA
,,,,,,,,,,,,,,1965,1993,Bellevue,USA
,,,,,,,,,,,,,,1946,1989,Seattle,USA
,,,,,,,,,,,,,,2005,0,Seattle,USA
,,,,,,,,,,,,,,1986,0,Seattle,USA
,,,,,,,,,,,,,,1952,2008,Seattle,USA
,,,,,,,,,,,,,,1987,0,Bellevue,USA
,,,,,,,,,,,,,,2012,1912,Seattle,USA
,,,,,,,,,,,,,,1967,0,Kirkland,USA
,,,,,,,,,,,,,,1943,0,Auburn,USA
,,,,,,,,,,,,,,1982,0,Kent,USA
,,,,,,,,,,,,,,1967,0,Redmond,USA
,,,,,,,,,,,,,,1908,0,Seattle,USA
,,,,,,,,,,,,,,1953,0,Woodinville,USA
,,,,,,,,,,,,,,2001,0,Redmond,USA
,,,,,,,,,,,,,,1955,2009,Redmond,USA
,,,,,,,,,,,,,,1965,0,Renton,USA
,,,,,,,,,,,,,,1929,0,Seattle,USA
,,,,,,,,,,,,,,1976,0,Woodinville,USA
,,,,,,,,,,,,,,1995,0,Bellevue,USA
,,,,,,,,,,,,,,2002,0,Maple Valley,USA
,,,,,,,,,,,,,,1967,0,Renton,USA
,,,,,,,,,,,,,,1959,0,Kenmore,USA
,,,,,,,,,,,,,,1945,0,Seattle,USA
,,,,,,,,,,,,,,1900,2005,Seattle,USA
,,,,,,,,,,,,,,2004,2003,Maple Valley,USA
,,,,,,,,,,,,,,1915,0,Seattle,USA
,,,,,,,,,,,,,,1987,0,Auburn,USA
,,,,,,,,,,,,,,1970,0,Seattle,USA
,,,,,,,,,,,,,,1966,0,Renton,USA
,,,,,,,,,,,,,,1953,1983,Shoreline,USA
,,,,,,,,,,,,,,1948,1994,Seattle,USA
,,,,,,,,,,,,,,1967,0,Renton,USA
,,,,,,,,,,,,,,1941,2009,Seattle,USA
,,,,,,,,,,,,,,1926,1993,Seattle,USA
,,,,,,,,,,,,,,1919,1985,Seattle,USA
,,,,,,,,,,,,,,1921,2000,Seattle,USA
,,,,,,,,,,,,,,1955,1984,Redmond,USA
,,,,,,,,,,,,,,1918,0,Seattle,USA
,,,,,,,,,,,,,,1967,2011,Federal Way,USA
,,,,,,,,,,,,,,2002,0,Covington,USA
,,,,,,,,,,,,,,1950,2005,SeaTac,USA
,,,,,,,,,,,,,,1989,0,Federal Way,USA
,,,,,,,,,,,,,,2006,0,Seattle,USA
,,,,,,,,,,,,,,1962,1994,Medina,USA
,,,,,,,,,,,,,,1950,1983,Shoreline,USA
,,,,,,,,,,,,,,1992,0,Bellevue,USA
,,,,,,,,,,,,,,1939,0,Seattle,USA
,,,,,,,,,,,,,,1987,0,Renton,USA
,,,,,,,,,,,,,,2003,0,Snoqualmie,USA
,,,,,,,,,,,,,,1989,0,Renton,USA
,,,,,,,,,,,,,,1906,0,Seattle,USA
,,,,,,,,,,,,,,1999,0,Maple Valley,USA
,,,,,,,,,,,,,,2004,2003,Redmond,USA
,,,,,,,,,,,,,,1976,1992,Redmond,USA
,,,,,,,,,,,,,,1961,2001,Kent,USA
,,,,,,,,,,,,,,1947,2012,Seattle,USA
,,,,,,,,,,,,,,1950,1983,Seattle,USA
,,,,,,,,,,,,,,1969,0,Federal Way,USA
,,,,,,,,,,,,,,1957,0,Seattle,USA
,,,,,,,,,,,,,,1959,0,Issaquah,USA
,,,,,,,,,,,,,,1992,0,Seattle,USA
,,,,,,,,,,,,,,1954,1979,Bellevue,USA
,,,,,,,,,,,,,,1977,2004,Sammamish,USA
,,,,,,,,,,,,,,1967,0,Kenmore,USA
,,,,,,,,,,,,,,1922,0,Shoreline,USA
,,,,,,,,,,,,,,1978,0,Auburn,USA
,,,,,,,,,,,,,,2007,0,Seattle,USA
,,,,,,,,,,,,,,1963,2008,Bellevue,USA
,,,,,,,,,,,,,,1959,0,Kirkland,USA
,,,,,,,,,,,,,,2004,2003,Maple Valley,USA
,,,,,,,,,,,,,,1947,2011,Seattle,USA
,,,,,,,,,,,,,,1925,1968,Seattle,USA
,,,,,,,,,,,,,,1978,0,Auburn,USA
,,,,,,,,,,,,,,1941,1998,Seattle,USA
,,,,,,,,,,,,,,1957,2001,Renton,USA
,,,,,,,,,,,,,,1938,0,Seattle,USA
,,,,,,,,,,,,,,1903,2005,Seattle,USA
,,,,,,,,,,,,,,1920,0,Seattle,USA
,,,,,,,,,,,,,,2007,0,Snoqualmie,USA
,,,,,,,,,,,,,,2003,0,Duvall,USA
,,,,,,,,,,,,,,2008,0,Seattle,USA
,,,,,,,,,,,,,,2007,0,Seattle,USA
,,,,,,,,,,,,,,2008,0,Seattle,USA
,,,,,,,,,,,,,,2014,0,Kirkland,USA
,,,,,,,,,,,,,,2008,0,Seattle,USA
,,,,,,,,,,,,,,2008,0,Seattle,USA
,,,,,,,,,,,,,,2006,0,Renton,USA
,,,,,,,,,,,,,,2014,0,Seattle,USA
,,,,,,,,,,,,,,2013,1923,Auburn,USA
,,,,,,,,,,,,,,2014,0,Snoqualmie,USA
,,,,,,,,,,,,,,2013,1923,Seattle,USA
,,,,,,,,,,,,,,2009,0,Seattle,USA
,,,,,,,,,,,,,,2009,0,Issaquah,USA
,,,,,,,,,,,,,,1993,0,SeaTac,USA
,,,,,,,,,,,,,,1947,1988,Seattle,USA
,,,,,,,,,,,,,,1994,0,Issaquah,USA
,,,,,,,,,,,,,,2000,0,Seattle,USA
,,,,,,,,,,,,,,1961,2001,Kirkland,USA
,,,,,,,,,,,,,,1980,0,Des Moines,USA
,,,,,,,,,,,,,,1945,0,Carnation,USA
,,,,,,,,,,,,,,1998,2006,Redmond,USA
,,,,,,,,,,,,,,1987,2000,Bellevue,USA
,,,,,,,,,,,,,,1950,2005,Seattle,USA
,,,,,,,,,,,,,,1981,2013,Covington,USA
,,,,,,,,,,,,,,1909,1995,Seattle,USA
,,,,,,,,,,,,,,1997,0,Renton,USA
,,,,,,,,,,,,,,1979,0,Sammamish,USA
,,,,,,,,,,,,,,1988,0,Newcastle,USA
,,,,,,,,,,,,,,1948,0,Seattle,USA
,,,,,,,,,,,,,,1916,0,Seattle,USA
,,,,,,,,,,,,,,1990,2009,Kirkland,USA
,,,,,,,,,,,,,,1999,0,Kirkland,USA
,,,,,,,,,,,,,,1998,2006,Snoqualmie Pass,USA
,,,,,,,,,,,,,,1909,1989,Seattle,USA
,,,,,,,,,,,,,,1984,0,Auburn,USA
,,,,,,,,,,,,,,1956,0,Enumclaw,USA
,,,,,,,,,,,,,,1941,1969,Seattle,USA
,,,,,,,,,,,,,,1961,2004,Bothell,USA
,,,,,,,,,,,,,,1973,0,Mercer Island,USA
,,,,,,,,,,,,,,1988,2000,Sammamish,USA
,,,,,,,,,,,,,,1947,2012,Seattle,USA
,,,,,,,,,,,,,,1969,0,Kirkland,USA
,,,,,,,,,,,,,,1962,0,Auburn,USA
,,,,,,,,,,,,,,1957,2000,Seattle,USA
,,,,,,,,,,,,,,1997,0,Seattle,USA
,,,,,,,,,,,,,,2007,0,Kirkland,USA
,,,,,,,,,,,,,,1931,0,Issaquah,USA
,,,,,,,,,,,,,,1969,2010,Woodinville,USA
,,,,,,,,,,,,,,1926,1993,Seattle,USA
,,,,,,,,,,,,,,1925,1968,Seattle,USA
,,,,,,,,,,,,,,2002,0,Auburn,USA
,,,,,,,,,,,,,,1972,2002,Kirkland,USA
,,,,,,,,,,,,,,1972,0,Des Moines,USA
,,,,,,,,,,,,,,1962,0,Des Moines,USA
,,,,,,,,,,,,,,1909,1988,Seattle,USA
,,,,,,,,,,,,,,1969,2010,Kent,USA
,,,,,,,,,,,,,,1995,0,Maple Valley,USA
,,,,,,,,,,,,,,1977,2004,Bellevue,USA
,,,,,,,,,,,,,,1956,2001,Seattle,USA
,,,,,,,,,,,,,,1985,0,Issaquah,USA
,,,,,,,,,,,,,,1998,2006,Snoqualmie,USA
,,,,,,,,,,,,,,1973,2013,Renton,USA
,,,,,,,,,,,,,,1964,2000,Shoreline,USA
,,,,,,,,,,,,,,2002,0,Renton,USA
,,,,,,,,,,,,,,1945,2010,Seattle,USA
,,,,,,,,,,,,,,1983,2009,Redmond,USA
,,,,,,,,,,,,,,1953,0,Seattle,USA
,,,,,,,,,,,,,,1939,1969,Seattle,USA
,,,,,,,,,,,,,,1963,2013,Shoreline,USA
,,,,,,,,,,,,,,1906,0,Seattle,USA
,,,,,,,,,,,,,,1992,0,Kenmore,USA
,,,,,,,,,,,,,,2001,0,Ravensdale,USA
,,,,,,,,,,,,,,1940,1996,Seattle,USA
,,,,,,,,,,,,,,1993,0,Pacific,USA
,,,,,,,,,,,,,,1948,0,Seattle,USA
,,,,,,,,,,,,,,2008,0,Seattle,USA
,,,,,,,,,,,,,,2007,0,Seattle,USA
,,,,,,,,,,,,,,2001,0,Kirkland,USA
,,,,,,,,,,,,,,1987,0,Bellevue,USA
,,,,,,,,,,,,,,1986,0,Woodinville,USA
,,,,,,,,,,,,,,1966,1963,Carnation,USA
,,,,,,,,,,,,,,2003,0,Issaquah,USA
,,,,,,,,,,,,,,1935,1974,Seattle,USA
,,,,,,,,,,,,,,1998,2006,Sammamish,USA
,,,,,,,,,,,,,,1996,0,Redmond,USA
,,,,,,,,,,,,,,1978,2000,Federal Way,USA
,,,,,,,,,,,,,,1998,2006,Kirkland,USA
,,,,,,,,,,,,,,1993,0,Maple Valley,USA
,,,,,,,,,,,,,,1994,0,Shoreline,USA
,,,,,,,,,,,,,,1949,1998,Seattle,USA
,,,,,,,,,,,,,,1967,0,Issaquah,USA
,,,,,,,,,,,,,,1940,1997,Redmond,USA
,,,,,,,,,,,,,,2006,0,Seattle,USA
,,,,,,,,,,,,,,1977,2004,Auburn,USA
,,,,,,,,,,,,,,1994,0,Kirkland,USA
,,,,,,,,,,,,,,1978,0,Bellevue,USA
,,,,,,,,,,,,,,1992,0,Kirkland,USA
,,,,,,,,,,,,,,2007,0,Redmond,USA
,,,,,,,,,,,,,,2006,0,Issaquah,USA
,,,,,,,,,,,,,,2014,0,Seattle,USA
,,,,,,,,,,,,,,2005,0,Kirkland,USA
,,,,,,,,,,,,,,2009,0,Kirkland,USA
,,,,,,,,,,,,,,2007,0,Kirkland,USA
,,,,,,,,,,,,,,2007,0,Issaquah,USA
,,,,,,,,,,,,,,2009,0,Seattle,USA
,,,,,,,,,,,,,,1983,0,Kent,USA
,,,,,,,,,,,,,,1994,0,Renton,USA
,,,,,,,,,,,,,,1983,2009,Kirkland,USA
,,,,,,,,,,,,,,1962,0,Enumclaw,USA
,,,,,,,,,,,,,,1969,2014,Covington,USA
,,,,,,,,,,,,,,1998,2006,Sammamish,USA
,,,,,,,,,,,,,,1966,0,Bellevue,USA
,,,,,,,,,,,,,,1918,0,Seattle,USA
,,,,,,,,,,,,,,1987,0,Bellevue,USA
,,,,,,,,,,,,,,1977,2004,Woodinville,USA
,,,,,,,,,,,,,,1984,0,Redmond,USA
,,,,,,,,,,,,,,1904,0,Seattle,USA
,,,,,,,,,,,,,,1950,2005,Renton,USA
,,,,,,,,,,,,,,1907,1983,Seattle,USA
,,,,,,,,,,,,,,1908,0,Seattle,USA
,,,,,,,,,,,,,,1990,2009,Kent,USA
,,,,,,,,,,,,,,1976,0,Duvall,USA
,,,,,,,,,,,,,,1981,2013,Des Moines,USA
,,,,,,,,,,,,,,1956,0,Seattle,USA
,,,,,,,,,,,,,,2005,0,Seattle,USA
,,,,,,,,,,,,,,2007,0,Seattle,USA
,,,,,,,,,,,,,,1943,0,Renton,USA
,,,,,,,,,,,,,,1922,0,Des Moines,USA
,,,,,,,,,,,,,,1959,0,Burien,USA
,,,,,,,,,,,,,,1978,0,North Bend,USA
,,,,,,,,,,,,,,1942,0,Seattle,USA
,,,,,,,,,,,,,,1948,2003,Federal Way,USA
,,,,,,,,,,,,,,1938,0,Seattle,USA
,,,,,,,,,,,,,,1954,2005,Seattle,USA
,,,,,,,,,,,,,,1956,0,Bellevue,USA
,,,,,,,,,,,,,,1991,0,Federal Way,USA
,,,,,,,,,,,,,,1954,2005,Seattle,USA
,,,,,,,,,,,,,,1998,2006,Auburn,USA
,,,,,,,,,,,,,,1977,0,Bellevue,USA
,,,,,,,,,,,,,,1976,1992,Bellevue,USA
,,,,,,,,,,,,,,1967,2011,Federal Way,USA
,,,,,,,,,,,,,,1949,0,Seattle,USA
,,,,,,,,,,,,,,1951,0,Seattle,USA
,,,,,,,,,,,,,,1907,1983,Seattle,USA
,,,,,,,,,,,,,,1987,0,Kirkland,USA
,,,,,,,,,,,,,,1966,1963,Kirkland,USA
,,,,,,,,,,,,,,1922,2008,Renton,USA
,,,,,,,,,,,,,,1942,1999,Seattle,USA
,,,,,,,,,,,,,,1978,0,North Bend,USA
,,,,,,,,,,,,,,1963,2000,Redmond,USA
,,,,,,,,,,,,,,1996,0,Issaquah,USA
,,,,,,,,,,,,,,2008,0,Seattle,USA
,,,,,,,,,,,,,,1962,2003,SeaTac,USA
,,,,,,,,,,,,,,1916,0,Seattle,USA
,,,,,,,,,,,,,,1973,2013,Seattle,USA
,,,,,,,,,,,,,,1977,2004,Sammamish,USA
,,,,,,,,,,,,,,1978,0,Woodinville,USA
,,,,,,,,,,,,,,1998,2006,Seattle,USA
,,,,,,,,,,,,,,1950,0,Seattle,USA
,,,,,,,,,,,,,,1983,2009,Black Diamond,USA
,,,,,,,,,,,,,,1996,0,Newcastle,USA
,,,,,,,,,,,,,,1968,0,Redmond,USA
,,,,,,,,,,,,,,1912,2000,Seattle,USA
,,,,,,,,,,,,,,1999,0,Sammamish,USA
,,,,,,,,,,,,,,2000,0,Snoqualmie,USA
,,,,,,,,,,,,,,2011,0,Seattle,USA
,,,,,,,,,,,,,,1947,1988,Kirkland,USA
,,,,,,,,,,,,,,1982,0,Redmond,USA
,,,,,,,,,,,,,,1988,0,Bellevue,USA
,,,,,,,,,,,,,,1979,2014,Seattle,USA
,,,,,,,,,,,,,,1996,0,Sammamish,USA
,,,,,,,,,,,,,,2007,0,Seattle,USA
,,,,,,,,,,,,,,2014,0,Federal Way,USA
,,,,,,,,,,,,,,2005,0,Kent,USA
,,,,,,,,,,,,,,2006,0,SeaTac,USA
,,,,,,,,,,,,,,2010,0,Seattle,USA
,,,,,,,,,,,,,,2007,0,Issaquah,USA
,,,,,,,,,,,,,,2008,0,Bellevue,USA
,,,,,,,,,,,,,,2008,0,Seattle,USA
,,,,,,,,,,,,,,2006,0,Seattle,USA
,,,,,,,,,,,,,,2013,1923,Seattle,USA
,,,,,,,,,,,,,,2010,0,Redmond,USA
,,,,,,,,,,,,,,2005,0,Seattle,USA
,,,,,,,,,,,,,,2011,0,Auburn,USA
,,,,,,,,,,,,,,2008,0,Seattle,USA
,,,,,,,,,,,,,,2007,0,Seattle,USA
,,,,,,,,,,,,,,1939,1989,Seattle,USA
,,,,,,,,,,,,,,1912,0,Carnation,USA
,,,,,,,,,,,,,,1991,0,Bellevue,USA
,,,,,,,,,,,,,,1982,0,Enumclaw,USA
,,,,,,,,,,,,,,1952,2008,Seattle,USA
,,,,,,,,,,,,,,1967,2011,Seattle,USA
,,,,,,,,,,,,,,1976,0,Bellevue,USA
,,,,,,,,,,,,,,1991,0,Federal Way,USA
,,,,,,,,,,,,,,1926,0,Seattle,USA
,,,,,,,,,,,,,,1975,0,Ravensdale,USA
,,,,,,,,,,,,,,2002,0,Renton,USA
,,,,,,,,,,,,,,1958,0,Auburn,USA
,,,,,,,,,,,,,,1946,1989,Woodinville,USA
,,,,,,,,,,,,,,1970,2014,Kent,USA
,,,,,,,,,,,,,,1911,1986,North Bend,USA
,,,,,,,,,,,,,,1910,2014,Seattle,USA
,,,,,,,,,,,,,,1941,1998,Seattle,USA
,,,,,,,,,,,,,,1992,0,Renton,USA
,,,,,,,,,,,,,,1955,2005,Seattle,USA
,,,,,,,,,,,,,,1992,0,Seattle,USA
,,,,,,,,,,,,,,1999,0,Snoqualmie,USA
,,,,,,,,,,,,,,1983,0,Redmond,USA
,,,,,,,,,,,,,,1984,0,Sammamish,USA
,,,,,,,,,,,,,,1999,0,Bellevue,USA
,,,,,,,,,,,,,,1942,1982,Shoreline,USA
,,,,,,,,,,,,,,1951,1994,Seattle,USA
,,,,,,,,,,,,,,1942,1982,Seattle,USA
,,,,,,,,,,,,,,1994,0,Redmond,USA
,,,,,,,,,,,,,,1923,1982,Seattle,USA
,,,,,,,,,,,,,,1967,2011,Woodinville,USA
,,,,,,,,,,,,,,1987,0,Sammamish,USA
,,,,,,,,,,,,,,1926,0,Seattle,USA
,,,,,,,,,,,,,,1963,0,Redmond,USA
,,,,,,,,,,,,,,1924,2011,Seattle,USA
,,,,,,,,,,,,,,1966,1963,Renton,USA
,,,,,,,,,,,,,,2005,0,Issaquah,USA
,,,,,,,,,,,,,,1966,0,Bellevue,USA
,,,,,,,,,,,,,,1979,2014,Federal Way,USA
,,,,,,,,,,,,,,1983,2009,Kirkland,USA
,,,,,,,,,,,,,,1965,1982,Burien,USA
,,,,,,,,,,,,,,1988,2000,Seattle,USA
,,,,,,,,,,,,,,1984,0,Redmond,USA
,,,,,,,,,,,,,,1951,1999,Bellevue,USA
,,,,,,,,,,,,,,1987,0,Auburn,USA
,,,,,,,,,,,,,,1988,2000,Maple Valley,USA
,,,,,,,,,,,,,,1940,0,Seattle,USA
,,,,,,,,,,,,,,1952,2008,Clyde Hill,USA
,,,,,,,,,,,,,,1993,0,Auburn,USA
,,,,,,,,,,,,,,1967,2011,Auburn,USA
,,,,,,,,,,,,,,1973,2013,Redmond,USA
,,,,,,,,,,,,,,1990,2009,Mercer Island,USA
,,,,,,,,,,,,,,1926,0,Seattle,USA
,,,,,,,,,,,,,,1947,1988,Shoreline,USA
,,,,,,,,,,,,,,1983,0,Renton,USA
,,,,,,,,,,,,,,2000,0,Auburn,USA
,,,,,,,,,,,,,,1965,0,Issaquah,USA
,,,,,,,,,,,,,,1925,1968,Seattle,USA
,,,,,,,,,,,,,,2003,0,Redmond,USA
,,,,,,,,,,,,,,1947,2012,Seattle,USA
,,,,,,,,,,,,,,1951,1994,Seattle,USA
,,,,,,,,,,,,,,1919,1985,Seattle,USA
,,,,,,,,,,,,,,1943,2002,Seattle,USA
,,,,,,,,,,,,,,2005,0,Redmond,USA
,,,,,,,,,,,,,,1987,2000,Renton,USA
,,,,,,,,,,,,,,1951,1999,Seattle,USA
,,,,,,,,,,,,,,1943,2002,Seattle,USA
,,,,,,,,,,,,,,1931,0,Seattle,USA
,,,,,,,,,,,,,,1924,2009,Kirkland,USA
,,,,,,,,,,,,,,1940,1996,Seattle,USA
,,,,,,,,,,,,,,1919,1934,Seattle,USA
,,,,,,,,,,,,,,1993,0,Renton,USA
,,,,,,,,,,,,,,1984,0,Kent,USA
,,,,,,,,,,,,,,1966,0,Bellevue,USA
,,,,,,,,,,,,,,1959,0,Bellevue,USA
,,,,,,,,,,,,,,1947,2012,Seattle,USA
,,,,,,,,,,,,,,1965,0,Seattle,USA
,,,,,,,,,,,,,,2006,0,Seattle,USA
,,,,,,,,,,,,,,2007,0,Seattle,USA
,,,,,,,,,,,,,,2008,0,Seattle,USA
,,,,,,,,,,,,,,2007,0,Seattle,USA
,,,,,,,,,,,,,,2006,0,Seattle,USA
,,,,,,,,,,,,,,1979,0,North Bend,USA
,,,,,,,,,,,,,,1924,2011,Seattle,USA
,,,,,,,,,,,,,,2004,2003,Sammamish,USA
,,,,,,,,,,,,,,1998,2006,Carnation,USA
,,,,,,,,,,,,,,1924,1956,Seattle,USA
,,,,,,,,,,,,,,1994,0,Maple Valley,USA
,,,,,,,,,,,,,,1989,0,Issaquah,USA
,,,,,,,,,,,,,,1996,0,Auburn,USA
,,,,,,,,,,,,,,1943,0,Renton,USA
,,,,,,,,,,,,,,2007,0,Snoqualmie,USA
,,,,,,,,,,,,,,2005,0,Sammamish,USA
,,,,,,,,,,,,,,1984,0,SeaTac,USA
,,,,,,,,,,,,,,1991,0,Enumclaw,USA
,,,,,,,,,,,,,,1981,2013,Redmond,USA
,,,,,,,,,,,,,,2003,0,Maple Valley,USA
,,,,,,,,,,,,,,1955,0,Shoreline,USA
,,,,,,,,,,,,,,1960,2012,Seattle,USA
,,,,,,,,,,,,,,1976,1992,Duvall,USA
,,,,,,,,,,,,,,1989,0,Woodinville,USA
,,,,,,,,,,,,,,2001,0,Shoreline,USA
,,,,,,,,,,,,,,2009,0,Renton,USA
,,,,,,,,,,,,,,1972,2002,Auburn,USA
,,,,,,,,,,,,,,1956,0,Kenmore,USA
,,,,,,,,,,,,,,1942,1982,Seattle,USA
,,,,,,,,,,,,,,1978,0,Seattle,USA
,,,,,,,,,,,,,,1924,0,Seattle,USA
,,,,,,,,,,,,,,2004,2003,Seattle,USA
,,,,,,,,,,,,,,1942,1999,Seattle,USA
,,,,,,,,,,,,,,1954,2005,Seattle,USA
,,,,,,,,,,,,,,1961,2001,Kenmore,USA
,,,,,,,,,,,,,,1954,2005,Shoreline,USA
,,,,,,,,,,,,,,1921,2006,Seattle,USA
,,,,,,,,,,,,,,1913,2014,Seattle,USA
,,,,,,,,,,,,,,1983,0,Issaquah,USA
,,,,,,,,,,,,,,1983,0,Kent,USA
,,,,,,,,,,,,,,1973,2013,Kirkland,USA
,,,,,,,,,,,,,,1970,2014,Woodinville,USA
,,,,,,,,,,,,,,1918,0,Seattle,USA
,,,,,,,,,,,,,,1927,0,Seattle,USA
,,,,,,,,,,,,,,2004,2003,Sammamish,USA
,,,,,,,,,,,,,,1940,0,Seattle,USA
,,,,,,,,,,,,,,1952,2013,Kirkland,USA
,,,,,,,,,,,,,,1978,0,Bellevue,USA
,,,,,,,,,,,,,,1949,1985,Shoreline,USA
,,,,,,,,,,,,,,1979,2014,Renton,USA
,,,,,,,,,,,,,,1951,0,Seattle,USA
,,,,,,,,,,,,,,2000,0,Mercer Island,USA
,,,,,,,,,,,,,,2003,0,Pacific,USA
,,,,,,,,,,,,,,1902,0,Seattle,USA
,,,,,,,,,,,,,,1983,0,Kent,USA
,,,,,,,,,,,,,,1941,1998,Kent,USA
,,,,,,,,,,,,,,1925,0,Seattle,USA
,,,,,,,,,,,,,,1962,0,Kenmore,USA
,,,,,,,,,,,,,,2005,0,Renton,USA
,,,,,,,,,,,,,,2004,2003,Seattle,USA
,,,,,,,,,,,,,,1964,2000,Shoreline,USA
,,,,,,,,,,,,,,1937,2009,Seattle,USA
,,,,,,,,,,,,,,1951,1994,Seattle,USA
,,,,,,,,,,,,,,1940,2003,Seattle,USA
,,,,,,,,,,,,,,1926,0,Seattle,USA
,,,,,,,,,,,,,,1977,2004,Woodinville,USA
,,,,,,,,,,,,,,2001,0,Federal Way,USA
,,,,,,,,,,,,,,2004,2003,Kent,USA
,,,,,,,,,,,,,,1926,0,Seattle,USA
,,,,,,,,,,,,,,1978,0,Redmond,USA
,,,,,,,,,,,,,,1956,0,Bellevue,USA
,,,,,,,,,,,,,,2003,0,Tukwila,USA
,,,,,,,,,,,,,,1961,2004,Kirkland,USA
,,,,,,,,,,,,,,1955,0,Des Moines,USA
,,,,,,,,,,,,,,1999,0,Duvall,USA
,,,,,,,,,,,,,,1997,0,Mercer Island,USA
,,,,,,,,,,,,,,1991,0,Kirkland,USA
,,,,,,,,,,,,,,2014,0,Seattle,USA
,,,,,,,,,,,,,,1967,0,Kirkland,USA
,,,,,,,,,,,,,,1964,0,Seattle,USA
,,,,,,,,,,,,,,1984,0,Redmond,USA
,,,,,,,,,,,,,,1955,2005,Shoreline,USA
,,,,,,,,,,,,,,1928,1954,Seattle,USA
,,,,,,,,,,,,,,2001,0,Bellevue,USA
,,,,,,,,,,,,,,2002,0,Redmond,USA
,,,,,,,,,,,,,,1925,2006,Seattle,USA
,,,,,,,,,,,,,,2005,0,Seattle,USA
,,,,,,,,,,,,,,2003,0,Renton,USA
,,,,,,,,,,,,,,1994,0,Kent,USA
,,,,,,,,,,,,,,1971,0,Burien,USA
,,,,,,,,,,,,,,1951,1999,Seattle,USA
,,,,,,,,,,,,,,1965,1993,Seattle,USA
,,,,,,,,,,,,,,1985,0,Seattle,USA
,,,,,,,,,,,,,,1977,2004,Issaquah,USA
,,,,,,,,,,,,,,1932,2002,Seattle,USA
,,,,,,,,,,,,,,1948,1985,Shoreline,USA
,,,,,,,,,,,,,,1979,2014,Redmond,USA
,,,,,,,,,,,,,,1972,0,Kirkland,USA
,,,,,,,,,,,,,,1940,2001,Seattle,USA
,,,,,,,,,,,,,,1968,0,Renton,USA
,,,,,,,,,,,,,,1943,2002,Seattle,USA
,,,,,,,,,,,,,,2005,0,Sammamish,USA
,,,,,,,,,,,,,,1988,2000,Issaquah,USA
,,,,,,,,,,,,,,1987,2000,Covington,USA
,,,,,,,,,,,,,,1998,2006,Snoqualmie,USA
,,,,,,,,,,,,,,1964,0,Mercer Island,USA
,,,,,,,,,,,,,,2003,0,Maple Valley,USA
,,,,,,,,,,,,,,1921,2013,Seattle,USA
,,,,,,,,,,,,,,1910,2006,Seattle,USA
,,,,,,,,,,,,,,1942,1999,Seattle,USA
,,,,,,,,,,,,,,1943,2002,Seattle,USA
,,,,,,,,,,,,,,1940,1996,Seattle,USA
,,,,,,,,,,,,,,1973,2013,Auburn,USA
,,,,,,,,,,,,,,1967,0,Burien,USA
,,,,,,,,,,,,,,1991,0,Vashon,USA
,,,,,,,,,,,,,,1985,0,Seattle,USA
,,,,,,,,,,,,,,2009,0,Redmond,USA
,,,,,,,,,,,,,,2009,0,Kirkland,USA
,,,,,,,,,,,,,,2014,0,Kirkland,USA
,,,,,,,,,,,,,,2014,0,Des Moines,USA
,,,,,,,,,,,,,,2006,0,Seattle,USA
,,,,,,,,,,,,,,2009,0,Seattle,USA
,,,,,,,,,,,,,,2009,0,Seattle,USA
,,,,,,,,,,,,,,2004,2003,Snoqualmie,USA
,,,,,,,,,,,,,,2009,0,Renton,USA
,,,,,,,,,,,,,,2005,0,Issaquah,USA
,,,,,,,,,,,,,,2013,1923,Seattle,USA
,,,,,,,,,,,,,,1927,0,Kenmore,USA
,,,,,,,,,,,,,,1933,0,Redmond,USA
,,,,,,,,,,,,,,1943,0,Burien,USA
,,,,,,,,,,,,,,1984,0,Redmond,USA
,,,,,,,,,,,,,,1993,0,Woodinville,USA
,,,,,,,,,,,,,,2007,0,Federal Way,USA
,,,,,,,,,,,,,,1950,1985,Mercer Island,USA
,,,,,,,,,,,,,,1963,2008,Kenmore,USA
,,,,,,,,,,,,,,1974,0,Issaquah,USA
,,,,,,,,,,,,,,1917,2014,Seattle,USA
,,,,,,,,,,,,,,2001,0,Seattle,USA
,,,,,,,,,,,,,,1952,0,Shoreline,USA
,,,,,,,,,,,,,,1923,0,Seattle,USA
,,,,,,,,,,,,,,1979,0,Auburn,USA
,,,,,,,,,,,,,,1943,0,Seattle,USA
,,,,,,,,,,,,,,1946,0,Seattle,USA
,,,,,,,,,,,,,,1999,0,Kirkland,USA
,,,,,,,,,,,,,,1910,0,Seattle,USA
,,,,,,,,,,,,,,1906,2014,Seattle,USA
,,,,,,,,,,,,,,1964,0,Auburn,USA
,,,,,,,,,,,,,,2006,0,Renton,USA
,,,,,,,,,,,,,,1917,2009,Seattle,USA
,,,,,,,,,,,,,,1907,1983,Seattle,USA
,,,,,,,,,,,,,,1963,0,Bellevue,USA
,,,,,,,,,,,,,,1908,0,Seattle,USA
,,,,,,,,,,,,,,2005,0,Redmond,USA
,,,,,,,,,,,,,,1910,2006,Seattle,USA
,,,,,,,,,,,,,,2006,0,Bothell,USA
,,,,,,,,,,,,,,1958,1972,Renton,USA
,,,,,,,,,,,,,,1994,0,Auburn,USA
,,,,,,,,,,,,,,1996,0,Auburn,USA
,,,,,,,,,,,,,,1987,2000,Sammamish,USA
,,,,,,,,,,,,,,1994,0,Issaquah,USA
,,,,,,,,,,,,,,1968,1997,Woodinville,USA
,,,,,,,,,,,,,,1957,2005,Bellevue,USA
,,,,,,,,,,,,,,1983,0,Pacific,USA
,,,,,,,,,,,,,,1965,,,
,,,,,,,,,,,,,,2003,,,
,,,,,,,,,,,,,,1966,,,
,,,,,,,,,,,,,,1999,,,
,,,,,,,,,,,,,,1991,,,
,,,,,,,,,,,,,,1995,,,
,,,,,,,,,,,,,,1967,,,
,,,,,,,,,,,,,,1937,,,
,,,,,,,,,,,,,,1927,,,
,,,,,,,,,,,,,,1995,,,
,,,,,,,,,,,,,,1959,,,
,,,,,,,,,,,,,,1900,,,
,,,,,,,,,,,,,,1947,,,
,,,,,,,,,,,,,,1951,,,
,,,,,,,,,,,,,,1960,,,
,,,,,,,,,,,,,,1932,,,
,,,,,,,,,,,,,,1926,,,
,,,,,,,,,,,,,,1994,,,
,,,,,,,,,,,,,,2007,,,
,,,,,,,,,,,,,,1947,,,
,,,,,,,,,,,,,,1906,,,
,,,,,,,,,,,,,,1977,,,
,,,,,,,,,,,,,,1978,,,
,,,,,,,,,,,,,,2000,,,
,,,,,,,,,,,,,,2006,,,
,,,,,,,,,,,,,,1967,,,
,,,,,,,,,,,,,,1949,,,
,,,,,,,,,,,,,,1969,,,
,,,,,,,,,,,,,,1920,,,
,,,,,,,,,,,,,,1964,,,
,,,,,,,,,,,,,,1989,,,
,,,,,,,,,,,,,,1918,,,
,,,,,,,,,,,,,,1925,,,
,,,,,,,,,,,,,,1979,,,
,,,,,,,,,,,,,,1921,,,
,,,,,,,,,,,,,,1951,,,
,,,,,,,,,,,,,,1929,,,
,,,,,,,,,,,,,,1992,,,
,,,,,,,,,,,,,,1954,,,
,,,,,,,,,,,,,,1996,,,
,,,,,,,,,,,,,,1949,,,
,,,,,,,,,,,,,,1945,,,
,,,,,,,,,,,,,,1978,,,
,,,,,,,,,,,,,,1959,,,
,,,,,,,,,,,,,,1954,,,
,,,,,,,,,,,,,,1979,,,
,,,,,,,,,,,,,,1924,,,
,,,,,,,,,,,,,,2000,,,
,,,,,,,,,,,,,,2003,,,
,,,,,,,,,,,,,,2003,,,
,,,,,,,,,,,,,,2004,,,
,,,,,,,,,,,,,,1943,,,
,,,,,,,,,,,,,,1968,,,
,,,,,,,,,,,,,,1990,,,
,,,,,,,,,,,,,,1998,,,
,,,,,,,,,,,,,,1986,,,
,,,,,,,,,,,,,,1984,,,
,,,,,,,,,,,,,,1961,,,
,,,,,,,,,,,,,,1940,,,
,,,,,,,,,,,,,,1917,,,
,,,,,,,,,,,,,,2006,,,
,,,,,,,,,,,,,,2005,,,
,,,,,,,,,,,,,,2012,,,
,,,,,,,,,,,,,,2005,,,
,,,,,,,,,,,,,,2008,,,
,,,,,,,,,,,,,,2007,,,
,,,,,,,,,,,,,,2005,,,
,,,,,,,,,,,,,,1916,,,
,,,,,,,,,,,,,,1968,,,
,,,,,,,,,,,,,,1978,,,
,,,,,,,,,,,,,,1965,,,
,,,,,,,,,,,,,,1957,,,
,,,,,,,,,,,,,,1996,,,
,,,,,,,,,,,,,,2003,,,
,,,,,,,,,,,,,,1952,,,
,,,,,,,,,,,,,,1965,,,
,,,,,,,,,,,,,,1958,,,
,,,,,,,,,,,,,,1990,,,
,,,,,,,,,,,,,,1985,,,
,,,,,,,,,,,,,,2006,,,
,,,,,,,,,,,,,,1964,,,
,,,,,,,,,,,,,,1958,,,
,,,,,,,,,,,,,,1925,,,
,,,,,,,,,,,,,,1940,,,
,,,,,,,,,,,,,,1954,,,
,,,,,,,,,,,,,,1951,,,
,,,,,,,,,,,,,,1935,,,
,,,,,,,,,,,,,,1992,,,
,,,,,,,,,,,,,,1927,,,
,,,,,,,,,,,,,,1911,,,
,,,,,,,,,,,,,,1900,,,
,,,,,,,,,,,,,,1978,,,
,,,,,,,,,,,,,,1915,,,
,,,,,,,,,,,,,,1988,,,
,,,,,,,,,,,,,,1916,,,
,,,,,,,,,,,,,,1942,,,
,,,,,,,,,,,,,,1967,,,
,,,,,,,,,,,,,,1987,,,
,,,,,,,,,,,,,,2000,,,
,,,,,,,,,,,,,,1956,,,
,,,,,,,,,,,,,,1928,,,
,,,,,,,,,,,,,,1977,,,
,,,,,,,,,,,,,,1949,,,
,,,,,,,,,,,,,,1962,,,
,,,,,,,,,,,,,,1981,,,
,,,,,,,,,,,,,,1944,,,
,,,,,,,,,,,,,,1963,,,
,,,,,,,,,,,,,,1921,,,
,,,,,,,,,,,,,,1940,,,
,,,,,,,,,,,,,,1943,,,
,,,,,,,,,,,,,,1999,,,
,,,,,,,,,,,,,,1971,,,
,,,,,,,,,,,,,,1989,,,
,,,,,,,,,,,,,,2003,,,
,,,,,,,,,,,,,,1952,,,
,,,,,,,,,,,,,,1999,,,
,,,,,,,,,,,,,,1955,,,
,,,,,,,,,,,,,,1944,,,
,,,,,,,,,,,,,,1989,,,
,,,,,,,,,,,,,,1909,,,
,,,,,,,,,,,,,,1929,,,
,,,,,,,,,,,,,,1959,,,
,,,,,,,,,,,,,,1988,,,
,,,,,,,,,,,,,,2000,,,
,,,,,,,,,,,,,,1991,,,
,,,,,,,,,,,,,,1924,,,
,,,,,,,,,,,,,,2001,,,
,,,,,,,,,,,,,,1909,,,
,,,,,,,,,,,,,,1951,,,
,,,,,,,,,,,,,,2008,,,
,,,,,,,,,,,,,,1918,,,
,,,,,,,,,,,,,,1960,,,
,,,,,,,,,,,,,,1986,,,
,,,,,,,,,,,,,,2008,,,
,,,,,,,,,,,,,,2011,,,
,,,,,,,,,,,,,,2006,,,
,,,,,,,,,,,,,,2008,,,
,,,,,,,,,,,,,,1901,,,
,,,,,,,,,,,,,,1983,,,
,,,,,,,,,,,,,,2002,,,
,,,,,,,,,,,,,,1980,,,
,,,,,,,,,,,,,,1992,,,
,,,,,,,,,,,,,,1900,,,
,,,,,,,,,,,,,,1977,,,
,,,,,,,,,,,,,,1959,,,
,,,,,,,,,,,,,,1977,,,
,,,,,,,,,,,,,,1990,,,
,,,,,,,,,,,,,,1994,,,
,,,,,,,,,,,,,,1955,,,
,,,,,,,,,,,,,,1989,,,
,,,,,,,,,,,,,,1978,,,
,,,,,,,,,,,,,,1947,,,
,,,,,,,,,,,,,,1946,,,
,,,,,,,,,,,,,,1947,,,
,,,,,,,,,,,,,,2004,,,
,,,,,,,,,,,,,,1947,,,
,,,,,,,,,,,,,,1927,,,
,,,,,,,,,,,,,,1989,,,
,,,,,,,,,,,,,,1987,,,
,,,,,,,,,,,,,,1983,,,
,,,,,,,,,,,,,,1928,,,
,,,,,,,,,,,,,,1957,,,
,,,,,,,,,,,,,,2007,,,
,,,,,,,,,,,,,,2000,,,
,,,,,,,,,,,,,,1953,,,
,,,,,,,,,,,,,,1970,,,
,,,,,,,,,,,,,,1977,,,
,,,,,,,,,,,,,,1974,,,
